Src,Eqid,Version,Datetime,Lat,Lon,Magnitude,Depth,NST,Region
hv,60432346,1,"Saturday, November 17, 2012 21:06:37 UTC",19.3462,-155.1435,2.3,46.40,35,"Island of Hawaii, Hawaii"
us,c000duep,7,"Saturday, November 17, 2012 21:02:55 UTC",-5.8839,151.8674,4.9,57.20,23,"New Britain region, Papua New Guinea"
us,c000dued,6,"Saturday, November 17, 2012 20:44:04 UTC",13.7656,-91.6240,4.5,38.20,84,"offshore Guatemala"
ak,10601927,1,"Saturday, November 17, 2012 20:40:10 UTC",60.9417,-151.9895,2.2,198.80, 4,"Kenai Peninsula, Alaska"
nc,71888366,1,"Saturday, November 17, 2012 20:37:44 UTC",36.5895,-121.1972,2.1,8.60,21,"Central California"
nc,71888356,0,"Saturday, November 17, 2012 20:12:34 UTC",38.8360,-122.7745,1.4,2.80,19,"Northern California"
ci,11205226,0,"Saturday, November 17, 2012 19:48:27 UTC",32.6777,-115.7183,1.6,6.50,13,"Southern California"
nc,71888331,0,"Saturday, November 17, 2012 19:45:52 UTC",37.5567,-118.8657,1.1,8.30,13,"Central California"
nn,00394128,9,"Saturday, November 17, 2012 19:27:44 UTC",39.7303,-119.8905,1.8,7.40,24,"Nevada"
ci,11205218,0,"Saturday, November 17, 2012 19:20:54 UTC",34.8460,-118.9117,1.6,10.60,24,"Central California"
us,c000dubt,8,"Saturday, November 17, 2012 18:43:52 UTC",-37.0202,-94.9667,5.3,10.80,223,"West Chile Rise"
us,c000dub9,B,"Saturday, November 17, 2012 18:12:21 UTC",-37.1596,-94.9680,5.4,10.10,376,"West Chile Rise"
ak,10601897,1,"Saturday, November 17, 2012 18:09:23 UTC",61.4535,-145.5854,1.5,15.70, 5,"Southern Alaska"
ak,10601890,1,"Saturday, November 17, 2012 17:48:05 UTC",60.5502,-152.7403,1.6,9.60,13,"Southern Alaska"
nc,71888266,0,"Saturday, November 17, 2012 17:47:09 UTC",37.6438,-118.9518,1.0,7.40,11,"Long Valley area, California"
ak,10601887,1,"Saturday, November 17, 2012 17:26:40 UTC",63.2765,-151.3293,1.5,0.00, 5,"Central Alaska"
ci,11205146,0,"Saturday, November 17, 2012 17:21:22 UTC",36.0077,-117.3603,1.7,1.50,33,"Central California"
nn,00394121,9,"Saturday, November 17, 2012 17:14:49 UTC",37.3968,-116.9022,1.5,4.20,20,"Nevada"
ci,11205130,0,"Saturday, November 17, 2012 16:54:22 UTC",33.0083,-115.5598,1.8,11.90,45,"Southern California"
nc,71888221,0,"Saturday, November 17, 2012 16:51:47 UTC",38.8115,-122.8128,1.2,2.80,17,"Northern California"
us,c000du9x,7,"Saturday, November 17, 2012 16:37:40 UTC",45.3366,151.4657,4.9,47.40,28,"Kuril Islands"
ak,10601874,1,"Saturday, November 17, 2012 16:29:14 UTC",61.2499,-150.6421,1.8,50.20,15,"Southern Alaska"
ci,11205122,0,"Saturday, November 17, 2012 16:28:01 UTC",33.1083,-116.0735,1.6,12.30,71,"Southern California"
ci,11205098,0,"Saturday, November 17, 2012 16:17:09 UTC",33.6797,-116.7542,1.0,20.60,49,"Southern California"
ci,11205090,0,"Saturday, November 17, 2012 16:16:18 UTC",33.4337,-116.4455,1.0,18.50,34,"Southern California"
ak,10601863,1,"Saturday, November 17, 2012 15:45:34 UTC",63.5718,-147.2977,2.9,3.10,38,"Central Alaska"
nc,71888181,1,"Saturday, November 17, 2012 15:40:14 UTC",37.2910,-121.6720,1.8,2.30,19,"Northern California"
ci,11205074,0,"Saturday, November 17, 2012 15:29:06 UTC",35.6965,-118.0685,1.4,0.00,18,"Central California"
ci,11205066,0,"Saturday, November 17, 2012 15:25:47 UTC",35.6975,-118.0760,2.0,0.80,48,"Central California"
ci,11205050,0,"Saturday, November 17, 2012 14:43:14 UTC",32.7262,-115.6107,1.9,5.40,13,"Southern California"
ci,11205042,0,"Saturday, November 17, 2012 14:36:26 UTC",35.5940,-118.5090,1.7,13.50,18,"Central California"
ak,10601848,1,"Saturday, November 17, 2012 14:19:06 UTC",63.5456,-147.3167,2.3,0.00,25,"Central Alaska"
ak,10601844,1,"Saturday, November 17, 2012 14:01:46 UTC",61.5050,-150.2409,1.7,52.70, 5,"Southern Alaska"
nc,71888146,0,"Saturday, November 17, 2012 13:58:53 UTC",37.2733,-121.6517,1.5,5.70,15,"Northern California"
ci,11205026,0,"Saturday, November 17, 2012 13:33:46 UTC",33.6802,-116.7565,1.3,21.10,64,"Southern California"
nc,71888136,0,"Saturday, November 17, 2012 13:21:43 UTC",37.3052,-121.6758,1.4,6.00,10,"Northern California"
ci,11205018,0,"Saturday, November 17, 2012 13:09:45 UTC",33.7083,-116.7627,1.2,17.30,56,"Southern California"
us,c000du78,4,"Saturday, November 17, 2012 12:22:11 UTC",-4.8535,134.0291,4.6,19.40,37,"near the south coast of Papua, Indonesia"
ci,11205002,0,"Saturday, November 17, 2012 12:14:23 UTC",33.0068,-115.5460,1.3,6.90,16,"Southern California"
nc,71888111,0,"Saturday, November 17, 2012 12:07:13 UTC",38.8487,-122.8240,1.1,1.60,16,"Northern California"
pr,12322001,0,"Saturday, November 17, 2012 10:51:13 UTC",18.1205,-66.5392,2.0,6.00, 4,"Puerto Rico"
nc,71888071,0,"Saturday, November 17, 2012 10:44:07 UTC",38.8227,-122.8178,1.4,0.60,10,"Northern California"
us,c000du6s,6,"Saturday, November 17, 2012 10:13:48 UTC",13.1918,-92.0067,4.4,35.00,42,"off the coast of Guatemala"
ci,11204978,0,"Saturday, November 17, 2012 09:36:52 UTC",33.6835,-116.7165,1.0,16.80,34,"Southern California"
us,c000du6g,6,"Saturday, November 17, 2012 09:09:35 UTC",-18.8897,-68.9931,4.7,115.70,161,"Tarapaca, Chile"
us,c000du6f,5,"Saturday, November 17, 2012 09:06:26 UTC",-22.2351,171.6432,5.1,115.10,89,"southeast of the Loyalty Islands"
ak,10601819,2,"Saturday, November 17, 2012 08:56:39 UTC",56.0188,-152.7403,3.4,8.10,15,"Kodiak Island region, Alaska"
nc,71888046,0,"Saturday, November 17, 2012 08:41:16 UTC",37.9408,-122.1205,1.1,8.00,10,"San Francisco Bay area, California"
ak,10601813,1,"Saturday, November 17, 2012 08:11:49 UTC",61.3636,-147.1561,1.8,31.10,10,"Southern Alaska"
ak,10601803,1,"Saturday, November 17, 2012 07:10:32 UTC",59.8381,-152.8581,2.5,114.90,30,"Southern Alaska"
ak,10601800,1,"Saturday, November 17, 2012 07:02:39 UTC",63.0806,-149.8242,1.5,89.60, 4,"Central Alaska"
ci,11204946,0,"Saturday, November 17, 2012 07:02:36 UTC",33.4465,-116.5660,1.1,17.60,22,"Southern California"
us,c000du5l,5,"Saturday, November 17, 2012 06:47:44 UTC",13.9738,-92.4835,4.5,34.70,139,"offshore Guatemala"
ci,11204938,0,"Saturday, November 17, 2012 06:12:20 UTC",33.2747,-116.8075,1.0,4.00,26,"Southern California"
ci,11204930,0,"Saturday, November 17, 2012 06:11:54 UTC",33.9958,-116.7780,1.5,20.80,32,"Southern California"
nc,71888021,0,"Saturday, November 17, 2012 05:53:14 UTC",37.4870,-118.8372,1.4,2.40, 7,"Central California"
pr,12322000,0,"Saturday, November 17, 2012 05:47:55 UTC",18.0235,-65.4128,2.7,19.00, 8,"Puerto Rico region"
us,c000du4e,7,"Saturday, November 17, 2012 05:29:45 UTC",-20.2516,-178.4418,5.0,583.80,199,"Fiji region"
us,c000du43,A,"Saturday, November 17, 2012 05:12:56 UTC",-18.3108,-172.3741,6.1,9.80,479,"Tonga region"
us,c000du3p,7,"Saturday, November 17, 2012 04:49:00 UTC",36.2617,-97.5142,3.0,5.00,13,"Oklahoma"
nc,71887991,1,"Saturday, November 17, 2012 04:44:43 UTC",38.8210,-122.8240,1.6,2.70,24,"Northern California"
nc,71887986,0,"Saturday, November 17, 2012 04:39:41 UTC",38.8323,-122.8063,1.0,0.30,10,"Northern California"
ci,11204906,0,"Saturday, November 17, 2012 04:36:12 UTC",33.4832,-116.7048,1.6,10.50,19,"Southern California"
us,c000du3n,8,"Saturday, November 17, 2012 04:35:58 UTC",10.8291,-84.8940,4.7,172.00,73,"Costa Rica"
ci,11204898,0,"Saturday, November 17, 2012 04:33:46 UTC",34.0618,-117.2573,1.3,18.00,28,"Greater Los Angeles area, California"
ak,10601762,2,"Saturday, November 17, 2012 03:44:55 UTC",52.0218,-175.8938,2.3,114.50, 7,"Andreanof Islands, Aleutian Islands, Alaska"
ci,11204882,0,"Saturday, November 17, 2012 03:24:08 UTC",35.6982,-118.0773,1.7,0.10,35,"Central California"
us,c000du3g,2,"Saturday, November 17, 2012 03:11:29 UTC",-37.0015,-95.9426,4.6,10.00,53,"southeast of Easter Island"
ak,10601741,1,"Saturday, November 17, 2012 03:08:31 UTC",62.8493,-149.1351,1.9,83.70,15,"Central Alaska"
us,c000du3a,5,"Saturday, November 17, 2012 02:51:24 UTC",-15.0263,167.4260,5.7,128.40,277,"Vanuatu"
ak,10601731,2,"Saturday, November 17, 2012 02:33:37 UTC",53.2870,-166.4994,2.0,26.80, 7,"Fox Islands, Aleutian Islands, Alaska"
ak,10601716,1,"Saturday, November 17, 2012 02:05:34 UTC",63.5342,-151.2140,2.4,6.40,16,"Central Alaska"
ci,11204858,0,"Saturday, November 17, 2012 01:42:03 UTC",32.1872,-115.2830,2.9,12.70,17,"Baja California, Mexico"
ak,10601705,1,"Saturday, November 17, 2012 01:37:49 UTC",63.0893,-151.6514,1.2,19.50, 4,"Central Alaska"
hv,60432106,1,"Saturday, November 17, 2012 01:35:10 UTC",19.4287,-155.8483,2.2,11.70,21,"Island of Hawaii, Hawaii"
ak,10601695,1,"Saturday, November 17, 2012 01:07:58 UTC",63.5396,-151.2499,2.3,5.10,18,"Central Alaska"
nc,71887896,0,"Saturday, November 17, 2012 00:56:27 UTC",37.7007,-118.9063,1.0,19.80,14,"Long Valley area, California"
ak,10601685,1,"Saturday, November 17, 2012 00:50:54 UTC",62.1253,-151.3427,2.2,79.30,25,"Central Alaska"
nc,71887886,2,"Saturday, November 17, 2012 00:31:35 UTC",37.6455,-118.9543,1.0,7.00,32,"Long Valley area, California"
ak,10601656,2,"Saturday, November 17, 2012 00:08:37 UTC",64.9945,-147.3559,1.3,5.40, 9,"Central Alaska"
hv,60432096,4,"Saturday, November 17, 2012 00:06:16 UTC",19.4483,-155.2708,1.8,3.80,10,"Island of Hawaii, Hawaii"
nc,71887871,2,"Saturday, November 17, 2012 00:01:48 UTC",37.6432,-118.9525,1.3,7.40,34,"Long Valley area, California"
us,c000du1e,5,"Friday, November 16, 2012 23:55:50 UTC",52.0835,153.0557,4.2,415.40,67,"northwest of the Kuril Islands"
nc,71066179,2,"Friday, November 16, 2012 23:51:00 UTC",37.6443,-118.9520,1.3,7.30,18,"Long Valley area, California"
nn,00394091,9,"Friday, November 16, 2012 23:50:28 UTC",38.7018,-117.0283,1.9,0.20,24,"Nevada"
ak,10601642,1,"Friday, November 16, 2012 23:46:47 UTC",62.3878,-149.1582,2.3,0.00,29,"Central Alaska"
ci,11204826,0,"Friday, November 16, 2012 23:39:22 UTC",33.0038,-115.5662,1.7,12.30,33,"Southern California"
uw,60475487,1,"Friday, November 16, 2012 23:38:57 UTC",45.6833,-122.3428,1.0,0.00,11,"Washington"
ci,11204810,0,"Friday, November 16, 2012 23:29:41 UTC",33.0000,-115.5503,1.7,9.30,32,"Southern California"
hv,60432081,1,"Friday, November 16, 2012 23:03:45 UTC",19.1790,-155.7077,1.9,8.50,11,"Island of Hawaii, Hawaii"
ci,11204802,1,"Friday, November 16, 2012 23:02:31 UTC",33.6583,-116.7587,1.3,19.90,38,"Southern California"
ci,11204794,0,"Friday, November 16, 2012 23:01:49 UTC",33.0217,-116.3057,1.9,9.80,49,"Southern California"
hv,60432076,2,"Friday, November 16, 2012 22:54:19 UTC",19.1992,-155.3353,3.0,49.50,55,"Island of Hawaii, Hawaii"
ci,11204786,2,"Friday, November 16, 2012 22:41:45 UTC",36.8933,-117.4145,1.4,10.20,14,"Central California"
ci,11204778,2,"Friday, November 16, 2012 22:17:03 UTC",32.9987,-115.5652,1.5,12.20,21,"Southern California"
ci,11204762,2,"Friday, November 16, 2012 22:10:06 UTC",33.0788,-115.0020,1.9,0.00, 7,"Southern California"
ci,11204754,0,"Friday, November 16, 2012 22:05:47 UTC",32.6555,-115.8217,2.3,9.40,50,"Southern California"
nc,71887786,1,"Friday, November 16, 2012 21:55:28 UTC",38.8035,-122.8148,2.4,3.10,45,"Northern California"
uu,60005322,2,"Friday, November 16, 2012 21:37:52 UTC",44.5653,-110.7492,1.5,5.90,10,"Yellowstone National Park, Wyoming"
uw,60475442,1,"Friday, November 16, 2012 21:34:26 UTC",42.3635,-122.8295,1.5,0.00,13,"Oregon"
uw,60475432,1,"Friday, November 16, 2012 21:24:36 UTC",43.2600,-123.5988,1.7,0.00,15,"Oregon"
ak,10601475,1,"Friday, November 16, 2012 21:08:24 UTC",63.4002,-150.2249,1.7,0.00, 6,"Central Alaska"
us,c000dtwh,7,"Friday, November 16, 2012 21:06:48 UTC",12.8953,-88.7721,4.6,72.10,28,"offshore El Salvador"
ak,10601463,1,"Friday, November 16, 2012 20:37:28 UTC",59.9738,-152.9719,1.9,6.00,14,"Southern Alaska"
ak,10601458,1,"Friday, November 16, 2012 20:34:23 UTC",61.6475,-149.6769,2.6,14.80,32,"Southern Alaska"
nn,00394067,9,"Friday, November 16, 2012 20:10:40 UTC",39.7275,-119.8837,1.5,6.40,21,"Nevada"
ci,11204722,4,"Friday, November 16, 2012 19:57:12 UTC",33.0097,-115.5618,1.3,11.50,25,"Southern California"
nc,71887696,3,"Friday, November 16, 2012 19:51:51 UTC",40.3690,-125.0103,2.8,12.30,49,"offshore Northern California"
ci,11204714,2,"Friday, November 16, 2012 19:36:30 UTC",33.0167,-115.5805,1.4,14.00,14,"Southern California"
nc,71887681,0,"Friday, November 16, 2012 19:34:44 UTC",38.8268,-122.8550,1.0,2.50,14,"Northern California"
ci,11204690,2,"Friday, November 16, 2012 19:21:35 UTC",32.9653,-115.5450,1.4,12.40,17,"Southern California"
ci,11204666,2,"Friday, November 16, 2012 19:18:39 UTC",33.9433,-116.3533,1.6,7.50,79,"Southern California"
ci,11204658,1,"Friday, November 16, 2012 19:14:12 UTC",33.9458,-116.3613,2.9,6.20,116,"Southern California"
ci,11204650,0,"Friday, November 16, 2012 19:01:31 UTC",33.0477,-117.3068,1.5,15.90,11,"Gulf of Santa Catalina, California"
uw,60475377,3,"Friday, November 16, 2012 19:00:41 UTC",47.5977,-120.2748,1.9,7.50,24,"Washington"
nn,00394050,9,"Friday, November 16, 2012 18:56:50 UTC",39.5365,-119.2007,1.2,0.90,10,"Nevada"
ak,10601410,1,"Friday, November 16, 2012 18:54:41 UTC",63.9630,-148.7483,1.9,0.10,18,"Central Alaska"
ak,10601407,1,"Friday, November 16, 2012 18:53:21 UTC",60.2447,-140.8080,1.6,15.40, 6,"Southern Yukon Territory, Canada"
uu,60005257,2,"Friday, November 16, 2012 18:18:48 UTC",44.5587,-110.6185,1.1,5.70, 9,"Yellowstone National Park, Wyoming"
us,c000dtr7,B,"Friday, November 16, 2012 18:12:39 UTC",49.2690,155.4724,6.4,29.10,810,"Kuril Islands"
pr,12321003,0,"Friday, November 16, 2012 18:11:15 UTC",18.9950,-64.9131,2.7,9.00, 3,"Virgin Islands region"
us,c000dtqy,6,"Friday, November 16, 2012 18:00:27 UTC",-55.8634,-26.7083,5.0,16.30,27,"South Sandwich Islands region"
nc,71887616,0,"Friday, November 16, 2012 17:53:42 UTC",38.8168,-122.7968,1.2,3.30,24,"Northern California"
nc,71887591,1,"Friday, November 16, 2012 17:33:33 UTC",38.8190,-122.7967,1.7,3.00,28,"Northern California"
ak,10601368,1,"Friday, November 16, 2012 17:22:04 UTC",63.2265,-150.5560,1.9,113.20,17,"Central Alaska"
ak,10601359,1,"Friday, November 16, 2012 17:08:36 UTC",61.8539,-150.4391,2.5,16.90,23,"Southern Alaska"
ci,11204586,2,"Friday, November 16, 2012 16:57:18 UTC",33.0103,-115.5623,1.1,13.40,23,"Southern California"
ci,11204578,0,"Friday, November 16, 2012 16:51:43 UTC",34.3510,-116.8787,1.3,0.00,27,"Southern California"
ci,11204570,0,"Friday, November 16, 2012 16:50:25 UTC",32.9998,-115.5295,1.6,13.90,20,"Southern California"
nc,71887566,0,"Friday, November 16, 2012 16:46:51 UTC",38.8277,-122.8552,1.1,2.20,15,"Northern California"
ci,11204562,0,"Friday, November 16, 2012 16:43:18 UTC",33.0012,-115.5570,1.6,8.70,22,"Southern California"
ci,11204554,0,"Friday, November 16, 2012 16:42:32 UTC",32.9872,-115.5215,1.7,6.90,23,"Southern California"
us,c000dtnl,6,"Friday, November 16, 2012 16:40:17 UTC",37.5438,72.0296,4.9,127.60,77,"Tajikistan"
ci,11204546,1,"Friday, November 16, 2012 16:33:17 UTC",33.0140,-115.5517,2.6,13.00,70,"Southern California"
nc,71887561,4,"Friday, November 16, 2012 16:15:28 UTC",35.7088,-121.0077,1.2,7.30,30,"Central California"
uu,60005192,3,"Friday, November 16, 2012 15:43:12 UTC",37.6357,-113.0077,1.5,6.40,11,"Utah"
nc,71887551,5,"Friday, November 16, 2012 15:37:44 UTC",40.3852,-125.0230,2.9,12.50,61,"offshore Northern California"
ci,15246057,0,"Friday, November 16, 2012 15:02:20 UTC",33.0062,-115.5557,1.9,12.10,22,"Southern California"
nc,71887536,0,"Friday, November 16, 2012 14:54:21 UTC",37.9150,-122.0068,1.4,14.10,13,"San Francisco Bay area, California"
nc,71887526,3,"Friday, November 16, 2012 14:51:32 UTC",37.9145,-122.0078,2.0,14.60,62,"San Francisco Bay area, California"
nc,71887531,0,"Friday, November 16, 2012 14:50:21 UTC",37.9175,-122.0042,1.2,14.20, 9,"San Francisco Bay area, California"
ak,10601320,1,"Friday, November 16, 2012 14:26:57 UTC",61.2806,-152.5849,2.2,0.00,20,"Southern Alaska"
ci,15246041,0,"Friday, November 16, 2012 14:24:51 UTC",32.9697,-115.4620,1.6,14.50,15,"Southern California"
nc,71887521,0,"Friday, November 16, 2012 14:20:11 UTC",38.8225,-122.8013,1.4,2.90,18,"Northern California"
ak,10601315,2,"Friday, November 16, 2012 13:56:43 UTC",63.4778,-147.7877,1.0,23.10, 6,"Central Alaska"
pr,12321002,0,"Friday, November 16, 2012 13:45:57 UTC",17.9235,-65.6816,2.3,13.00, 5,"Puerto Rico region"
uw,60475237,1,"Friday, November 16, 2012 13:21:14 UTC",47.5410,-122.6770,1.8,3.30,19,"Seattle-Tacoma urban area, Washington"
nc,71887496,0,"Friday, November 16, 2012 13:21:12 UTC",38.8142,-122.7838,1.3,0.90,15,"Northern California"
uw,60475232,1,"Friday, November 16, 2012 13:19:34 UTC",45.6422,-122.7673,2.1,19.10,40,"Portland urban area, Oregon"
us,c000dtkf,7,"Friday, November 16, 2012 13:02:01 UTC",13.8786,-91.8529,4.8,34.80,234,"offshore Guatemala"
ci,15246017,0,"Friday, November 16, 2012 12:39:22 UTC",33.0247,-115.5398,1.7,17.50,22,"Southern California"
nn,00394002,9,"Friday, November 16, 2012 12:06:36 UTC",38.5355,-118.1345,1.0,5.10,11,"Nevada"
nn,00394001,9,"Friday, November 16, 2012 12:00:50 UTC",38.6565,-119.5745,1.0,10.20, 7,"Central California"
ci,15246001,0,"Friday, November 16, 2012 11:44:18 UTC",33.0107,-115.5702,1.8,5.40,26,"Southern California"
ci,15245993,0,"Friday, November 16, 2012 11:06:45 UTC",32.2487,-117.1330,2.4,17.60,34,"offshore Baja California, Mexico"
uw,60475207,1,"Friday, November 16, 2012 10:57:43 UTC",47.5857,-120.2503,1.7,5.40,12,"Washington"
pr,12321001,0,"Friday, November 16, 2012 10:49:30 UTC",17.0981,-68.0801,3.0,39.00, 6,"Dominican Republic region"
hv,60431966,1,"Friday, November 16, 2012 10:41:10 UTC",19.3320,-155.4493,2.0,12.50, 9,"Island of Hawaii, Hawaii"
ak,10601293,2,"Friday, November 16, 2012 10:18:34 UTC",51.3598,-175.9500,2.5,21.00,13,"Andreanof Islands, Aleutian Islands, Alaska"
ak,10601283,1,"Friday, November 16, 2012 09:51:21 UTC",60.0489,-152.8433,3.3,111.40,67,"Southern Alaska"
nc,71887461,0,"Friday, November 16, 2012 09:39:46 UTC",37.9795,-118.6995,1.7,6.80, 8,"Central California"
ci,15245977,0,"Friday, November 16, 2012 09:37:20 UTC",33.0182,-116.3165,1.2,8.50,43,"Southern California"
uw,60475187,2,"Friday, November 16, 2012 09:30:55 UTC",46.1340,-122.1697,1.1,6.30,28,"Mount St. Helens area, Washington"
uu,60005137,2,"Friday, November 16, 2012 09:28:49 UTC",42.4175,-111.1427,1.3,2.20,12,"southern Idaho"
ci,15245969,0,"Friday, November 16, 2012 08:52:04 UTC",34.0122,-117.2142,1.1,13.60,37,"Greater Los Angeles area, California"
us,c000dti9,A,"Friday, November 16, 2012 08:25:57 UTC",35.2311,141.0455,5.3,34.70,399,"near the east coast of Honshu, Japan"
nc,71887431,3,"Friday, November 16, 2012 08:12:35 UTC",38.8253,-122.7957,1.9,3.20,59,"Northern California"
ci,15245953,0,"Friday, November 16, 2012 08:09:55 UTC",33.2830,-116.7838,1.2,10.60,40,"Southern California"
ak,10601268,1,"Friday, November 16, 2012 07:55:23 UTC",60.9056,-146.9013,1.6,29.30,10,"Southern Alaska"
ci,15245945,0,"Friday, November 16, 2012 07:29:58 UTC",34.0065,-116.8773,1.2,14.20,55,"Southern California"
uw,60475152,2,"Friday, November 16, 2012 07:06:58 UTC",46.1377,-122.1668,1.2,6.20,18,"Mount St. Helens area, Washington"
ci,15245937,0,"Friday, November 16, 2012 07:03:26 UTC",33.5845,-116.6370,1.6,14.20,75,"Southern California"
nc,71887406,3,"Friday, November 16, 2012 06:43:28 UTC",37.3475,-119.9763,1.8,19.30,11,"Central California"
ak,10601258,1,"Friday, November 16, 2012 06:39:01 UTC",60.9305,-147.7504,1.7,16.90, 8,"Southern Alaska"
us,c000dthk,3,"Friday, November 16, 2012 06:24:42 UTC",-53.9956,-134.6819,5.3,10.10,107,"Pacific-Antarctic Ridge"
us,c000dth6,6,"Friday, November 16, 2012 06:05:41 UTC",-7.9754,-74.3300,4.3,151.90,87,"northern Peru"
nc,71887371,2,"Friday, November 16, 2012 05:36:35 UTC",37.3663,-118.5693,1.6,12.90,37,"Central California"
uu,60005102,2,"Friday, November 16, 2012 05:28:51 UTC",44.7463,-111.1308,1.2,12.60,14,"western Montana"
uw,60475137,4,"Friday, November 16, 2012 05:13:03 UTC",46.1307,-122.1673,1.9,6.10,48,"Mount St. Helens area, Washington"
ak,10601242,1,"Friday, November 16, 2012 05:12:11 UTC",62.0039,-145.1965,1.8,15.50,11,"Central Alaska"
nc,71887351,2,"Friday, November 16, 2012 04:57:09 UTC",37.6435,-118.9497,1.1,7.70,32,"Long Valley area, California"
ci,15245897,1,"Friday, November 16, 2012 04:44:36 UTC",34.7607,-117.4965,2.7,0.10,103,"Southern California"
ci,15245889,0,"Friday, November 16, 2012 04:26:33 UTC",34.0212,-116.0440,1.7,6.80,11,"Southern California"
ci,15245881,7,"Friday, November 16, 2012 04:26:05 UTC",33.9167,-117.8460,1.0,9.00,48,"Greater Los Angeles area, California"
us,c000dtgd,9,"Friday, November 16, 2012 03:58:26 UTC",38.4635,46.7171,4.9,5.20,127,"northwestern Iran"
nc,71887341,3,"Friday, November 16, 2012 03:50:43 UTC",38.8102,-122.8520,1.9,3.60,61,"Northern California"
nc,71887336,0,"Friday, November 16, 2012 03:30:23 UTC",38.8258,-122.7968,1.1,3.30,22,"Northern California"
ci,15245873,3,"Friday, November 16, 2012 03:13:34 UTC",33.2468,-115.6872,1.1,0.50,13,"Southern California"
us,c000dtg5,6,"Friday, November 16, 2012 03:04:59 UTC",13.9417,-92.4205,4.4,57.40,44,"offshore Guatemala"
ak,10601219,1,"Friday, November 16, 2012 02:50:49 UTC",64.0697,-148.9562,1.6,0.10,14,"Central Alaska"
ci,15245865,4,"Friday, November 16, 2012 02:41:20 UTC",34.3328,-116.4535,1.0,1.00,63,"Southern California"
ak,10601213,1,"Friday, November 16, 2012 02:39:03 UTC",64.0903,-152.3643,2.2,0.10, 8,"Central Alaska"
ci,15245849,3,"Friday, November 16, 2012 01:44:03 UTC",32.7188,-115.9437,1.5,9.20,62,"Southern California"
nc,71887286,3,"Friday, November 16, 2012 01:39:49 UTC",37.6647,-119.4288,1.6,16.90,51,"Central California"
ci,15245841,0,"Friday, November 16, 2012 01:20:33 UTC",32.2438,-115.3548,2.3,0.10,14,"Baja California, Mexico"
ci,15245833,5,"Friday, November 16, 2012 01:10:37 UTC",34.1453,-116.7400,1.0,9.20,54,"Southern California"
ak,10601175,1,"Friday, November 16, 2012 01:08:27 UTC",62.4894,-151.4453,1.9,115.70,13,"Central Alaska"
nc,71887246,1,"Friday, November 16, 2012 00:56:17 UTC",38.8122,-122.8107,1.2,2.90,22,"Northern California"
nc,71887241,1,"Friday, November 16, 2012 00:55:48 UTC",38.8138,-122.8193,1.7,3.30,29,"Northern California"
us,c000dten,8,"Friday, November 16, 2012 00:38:06 UTC",-21.5156,-69.4104,5.1,56.40,268,"Antofagasta, Chile"
nc,71887226,1,"Friday, November 16, 2012 00:28:15 UTC",38.8380,-122.7852,1.8,1.90,32,"Northern California"
us,c000dtef,8,"Friday, November 16, 2012 00:21:58 UTC",-13.2826,-76.4943,4.7,47.60,94,"near the coast of central Peru"
ci,15245793,3,"Friday, November 16, 2012 00:20:37 UTC",32.1795,-115.2488,1.9,10.00,19,"Baja California, Mexico"
us,c000dteb,6,"Friday, November 16, 2012 00:07:35 UTC",-25.2013,179.7711,4.4,502.80,78,"south of the Fiji Islands"
uw,60475097,2,"Friday, November 16, 2012 00:01:03 UTC",49.3377,-120.4797,2.0,0.00, 9,"British Columbia, Canada"
ci,15245777,4,"Thursday, November 15, 2012 23:50:13 UTC",34.2703,-116.9032,1.0,0.20,28,"Southern California"
ak,10600989,1,"Thursday, November 15, 2012 23:41:30 UTC",63.0583,-151.4439,1.7,4.50,13,"Central Alaska"
uw,60475077,2,"Thursday, November 15, 2012 22:32:03 UTC",45.1610,-122.5315,1.2,0.00, 7,"Oregon"
us,c000dtcj,6,"Thursday, November 15, 2012 22:19:09 UTC",-20.5184,-175.1158,4.8,35.20,57,"Tonga"
us,c000dtbz,7,"Thursday, November 15, 2012 22:10:25 UTC",-0.0266,123.4665,4.7,159.00,44,"Sulawesi, Indonesia"
uu,60005037,2,"Thursday, November 15, 2012 22:07:23 UTC",44.7323,-111.1110,1.1,10.50,13,"western Montana"
hv,60431691,2,"Thursday, November 15, 2012 21:58:17 UTC",19.4023,-155.2658,2.0,3.40,28,"Island of Hawaii, Hawaii"
us,c000dtbj,5,"Thursday, November 15, 2012 21:55:15 UTC",-16.8446,-175.0596,4.7,260.30,56,"Tonga"
ci,15245769,2,"Thursday, November 15, 2012 21:54:04 UTC",31.7757,-116.1813,2.7,10.00,21,"Baja California, Mexico"
nc,71887126,3,"Thursday, November 15, 2012 21:21:40 UTC",39.4778,-123.1178,1.5,2.60,22,"Northern California"
ci,15245745,2,"Thursday, November 15, 2012 21:03:35 UTC",34.0375,-117.0990,1.4,19.00,60,"Greater Los Angeles area, California"
nc,71887101,3,"Thursday, November 15, 2012 21:02:49 UTC",38.7590,-122.7003,2.4,0.60,62,"Northern California"
us,c000dt7v,6,"Thursday, November 15, 2012 20:32:36 UTC",-32.6570,-71.8159,4.8,20.90,51,"offshore Valparaiso, Chile"
ak,10600922,1,"Thursday, November 15, 2012 20:29:24 UTC",63.4659,-151.7137,1.6,6.20, 9,"Central Alaska"
ci,15245737,2,"Thursday, November 15, 2012 20:21:39 UTC",37.2073,-117.8497,1.0,5.50,10,"Central California"
nc,71887081,1,"Thursday, November 15, 2012 20:18:34 UTC",36.4890,-121.0647,2.5,1.50,28,"Central California"
nc,71887076,1,"Thursday, November 15, 2012 20:18:29 UTC",38.7970,-122.8123,1.8,3.30,36,"Northern California"
nc,71887071,0,"Thursday, November 15, 2012 20:12:36 UTC",38.8275,-122.7998,1.0,0.00,12,"Northern California"
nc,71887061,1,"Thursday, November 15, 2012 19:52:09 UTC",38.7968,-122.8120,2.0,3.40,46,"Northern California"
nc,71887056,2,"Thursday, November 15, 2012 19:32:39 UTC",37.9817,-122.4685,1.2,0.00,23,"San Francisco Bay, California"
ci,15245713,2,"Thursday, November 15, 2012 19:09:23 UTC",34.8592,-118.7728,1.2,0.00, 7,"Central California"
ci,15245705,2,"Thursday, November 15, 2012 19:03:59 UTC",34.6287,-117.1085,1.6,0.00,14,"Southern California"
uu,60005007,2,"Thursday, November 15, 2012 18:58:31 UTC",41.7703,-112.3563,1.0,4.80,13,"Utah"
ak,10600861,1,"Thursday, November 15, 2012 18:36:26 UTC",58.8499,-153.7916,2.2,11.80,16,"Kodiak Island region, Alaska"
ci,15245689,2,"Thursday, November 15, 2012 18:26:10 UTC",33.0233,-116.3065,2.1,6.40,46,"Southern California"
uw,60474917,1,"Thursday, November 15, 2012 18:01:27 UTC",44.3188,-123.0338,1.5,0.00, 8,"Oregon"
ak,10600827,1,"Thursday, November 15, 2012 17:45:36 UTC",63.3905,-145.8774,1.3,38.90, 5,"Central Alaska"
ci,15245665,2,"Thursday, November 15, 2012 17:26:01 UTC",34.3370,-116.8493,1.7,1.20,58,"Southern California"
nc,71886981,0,"Thursday, November 15, 2012 17:10:28 UTC",38.8292,-122.8013,1.0,0.00,12,"Northern California"
nn,00393923,9,"Thursday, November 15, 2012 17:10:20 UTC",37.2352,-115.4515,1.5,0.00,12,"Nevada"
ak,10600800,1,"Thursday, November 15, 2012 16:52:52 UTC",63.0739,-151.4389,1.9,0.00,11,"Central Alaska"
ak,10600791,1,"Thursday, November 15, 2012 16:47:46 UTC",63.0282,-150.8037,2.1,98.10,25,"Central Alaska"
nn,00393919,9,"Thursday, November 15, 2012 16:43:44 UTC",37.2488,-115.4562,1.1,0.00, 9,"Nevada"
nn,00393917,9,"Thursday, November 15, 2012 16:35:22 UTC",37.0906,-115.3411,1.0,0.00, 7,"Nevada"
us,c000dt2m,5,"Thursday, November 15, 2012 16:33:03 UTC",-3.5090,149.7226,4.8,1.00,19,"Bismarck Sea"
mb,12785478,2,"Thursday, November 15, 2012 16:23:00 UTC",44.6943,-112.4705,2.5,10.10,62,"western Montana"
ak,10600774,1,"Thursday, November 15, 2012 16:16:45 UTC",63.3607,-149.9021,2.1,117.80,17,"Central Alaska"
ak,10600769,1,"Thursday, November 15, 2012 15:58:32 UTC",61.7290,-150.4784,1.8,249.90, 4,"Southern Alaska"
nc,71886941,0,"Thursday, November 15, 2012 15:56:21 UTC",38.8250,-122.8002,1.6,0.00,22,"Northern California"
ci,15245641,2,"Thursday, November 15, 2012 15:49:19 UTC",34.0073,-117.0010,1.8,17.80,86,"Southern California"
nc,71886931,2,"Thursday, November 15, 2012 15:48:31 UTC",36.5775,-121.0380,1.0,7.10,12,"Central California"
us,c000dt13,6,"Thursday, November 15, 2012 15:47:08 UTC",-25.9033,178.2942,4.8,635.10,170,"south of the Fiji Islands"
ci,15245625,2,"Thursday, November 15, 2012 15:45:41 UTC",34.1743,-116.8193,1.2,13.10,49,"Southern California"
ci,15245633,2,"Thursday, November 15, 2012 15:44:23 UTC",34.0462,-117.1222,1.0,10.20,30,"Greater Los Angeles area, California"
pr,12320001,0,"Thursday, November 15, 2012 14:38:46 UTC",18.2882,-65.3805,2.7,14.00,11,"Puerto Rico region"
nc,71886886,1,"Thursday, November 15, 2012 14:02:02 UTC",37.8043,-122.1922,1.5,8.50,24,"San Francisco Bay area, California"
nc,71886871,0,"Thursday, November 15, 2012 13:55:31 UTC",38.8237,-122.7932,1.1,3.60,15,"Northern California"
uu,60004992,2,"Thursday, November 15, 2012 13:47:48 UTC",38.1103,-113.3020,1.8,1.00,14,"Utah"
ak,10600754,2,"Thursday, November 15, 2012 13:35:08 UTC",59.9608,-150.6072,1.0,12.10, 3,"Kenai Peninsula, Alaska"
nc,71886856,0,"Thursday, November 15, 2012 13:27:51 UTC",38.6175,-122.8015,1.2,12.50, 9,"Northern California"
nc,71886846,2,"Thursday, November 15, 2012 13:00:56 UTC",36.7462,-121.0950,1.4,5.20,34,"Central California"
ak,10600745,1,"Thursday, November 15, 2012 12:48:59 UTC",59.4648,-154.8230,2.6,202.40,13,"Southern Alaska"
ak,10600740,1,"Thursday, November 15, 2012 12:25:52 UTC",58.9277,-153.9494,1.9,9.00, 8,"Kodiak Island region, Alaska"
nc,71886811,4,"Thursday, November 15, 2012 12:17:57 UTC",36.3232,-120.8485,1.1,8.90,11,"Central California"
uu,60004987,4,"Thursday, November 15, 2012 12:10:40 UTC",39.1185,-111.4803,1.7,2.00,14,"Utah"
nc,71066169,2,"Thursday, November 15, 2012 12:02:33 UTC",38.7872,-122.7503,1.3,0.80,25,"Northern California"
nc,71886806,2,"Thursday, November 15, 2012 12:02:25 UTC",38.7860,-122.7512,1.1,0.80,36,"Northern California"
ak,10600726,2,"Thursday, November 15, 2012 11:50:10 UTC",57.5542,-142.8660,3.7,10.00,24,"Gulf of Alaska"
ak,10600718,1,"Thursday, November 15, 2012 11:39:42 UTC",61.7516,-149.6304,1.6,5.00, 7,"Southern Alaska"
nc,71886786,3,"Thursday, November 15, 2012 11:38:14 UTC",37.1158,-119.2468,2.0,25.70,37,"Central California"
nc,71886771,2,"Thursday, November 15, 2012 11:22:44 UTC",37.3702,-119.0375,1.1,9.30,34,"Central California"
us,c000dszb,D,"Thursday, November 15, 2012 11:22:22 UTC",52.4852,173.3539,5.6,30.00,524,"Near Islands, Aleutian Islands, Alaska"
ci,15245569,2,"Thursday, November 15, 2012 11:18:37 UTC",33.9113,-115.9058,1.1,6.30,23,"Southern California"
ak,10600699,1,"Thursday, November 15, 2012 10:55:16 UTC",57.6737,-154.5602,2.8,37.40, 9,"Kodiak Island region, Alaska"
us,c000dsz5,4,"Thursday, November 15, 2012 10:40:27 UTC",15.2304,-93.1956,4.3,74.20,67,"offshore Chiapas, Mexico"
ak,10600692,1,"Thursday, November 15, 2012 10:21:44 UTC",62.3959,-149.0833,2.1,25.40,30,"Central Alaska"
ci,15245561,2,"Thursday, November 15, 2012 10:17:59 UTC",34.3368,-116.8468,1.0,0.50,42,"Southern California"
nc,71886736,3,"Thursday, November 15, 2012 10:17:24 UTC",39.6973,-121.8112,1.6,17.90,17,"Northern California"
ak,10600682,1,"Thursday, November 15, 2012 09:37:14 UTC",60.7714,-148.9884,2.8,32.90,48,"Kenai Peninsula, Alaska"
nc,71886716,0,"Thursday, November 15, 2012 09:28:05 UTC",37.6855,-118.9325,1.1,12.90, 9,"Long Valley area, California"
us,c000dsyl,7,"Thursday, November 15, 2012 09:20:23 UTC",18.4069,-100.3734,6.0,60.90,518,"Guerrero, Mexico"
nc,71886696,2,"Thursday, November 15, 2012 08:46:19 UTC",37.6438,-118.9517,1.2,7.10,31,"Long Valley area, California"
nn,00393901,9,"Thursday, November 15, 2012 08:26:37 UTC",37.1879,-117.8361,1.1,8.90,11,"Central California"
ci,15245545,2,"Thursday, November 15, 2012 08:25:11 UTC",33.0623,-116.4477,1.0,5.10,43,"Southern California"
us,c000dsye,5,"Thursday, November 15, 2012 08:21:49 UTC",-3.2503,148.1763,5.7,10.00,148,"Bismarck Sea"
us,c000dsy2,9,"Thursday, November 15, 2012 08:01:01 UTC",14.0779,-91.6282,4.8,35.00,273,"offshore Guatemala"
ak,10600651,1,"Thursday, November 15, 2012 07:45:30 UTC",61.6598,-148.1485,1.1,16.00, 6,"Southern Alaska"
ci,15245529,2,"Thursday, November 15, 2012 07:33:00 UTC",33.0050,-116.2313,1.6,4.90,60,"Southern California"
ak,10600646,1,"Thursday, November 15, 2012 07:24:53 UTC",57.3229,-156.3310,2.7,122.70,11,"Alaska Peninsula"
nc,71886666,2,"Thursday, November 15, 2012 07:14:28 UTC",35.7753,-121.3158,1.0,11.80,19,"Central California"
ci,15245521,2,"Thursday, November 15, 2012 07:10:56 UTC",33.0628,-116.4538,2.3,4.50,89,"Southern California"
nc,71886651,2,"Thursday, November 15, 2012 06:45:11 UTC",40.5808,-124.0908,1.5,26.50,21,"Northern California"
nc,71886646,2,"Thursday, November 15, 2012 06:43:03 UTC",37.3648,-122.2225,1.0,8.60,19,"San Francisco Bay area, California"
us,c000dsxl,9,"Thursday, November 15, 2012 06:42:38 UTC",14.2215,-92.3074,4.9,35.20,275,"offshore Guatemala"
nc,71886641,2,"Thursday, November 15, 2012 06:27:54 UTC",39.1462,-123.1667,1.6,6.80,17,"Northern California"
nc,71886621,2,"Thursday, November 15, 2012 05:04:25 UTC",37.6432,-118.9503,1.4,7.60,39,"Long Valley area, California"
us,c000dsx2,E,"Thursday, November 15, 2012 04:58:59 UTC",19.1233,145.8164,4.9,124.60,170,"Maug Islands region, Northern Mariana Islands"
ci,15245465,2,"Thursday, November 15, 2012 04:56:04 UTC",36.0057,-118.3680,1.2,2.90,36,"Central California"
ci,15245457,2,"Thursday, November 15, 2012 04:52:57 UTC",34.0207,-116.7472,2.0,16.00,103,"Southern California"
nc,71886601,1,"Thursday, November 15, 2012 04:45:33 UTC",38.0052,-121.8655,2.0,16.40,28,"San Francisco Bay area, California"
pr,12320000,0,"Thursday, November 15, 2012 04:35:35 UTC",17.9470,-65.6733,2.3,18.00, 6,"Puerto Rico region"
ak,10600612,1,"Thursday, November 15, 2012 04:10:59 UTC",60.3681,-141.2880,1.8,6.90,14,"Southern Alaska"
nc,71886586,0,"Thursday, November 15, 2012 04:09:29 UTC",38.6052,-122.8200,1.6,5.40, 8,"Northern California"
uw,60474732,1,"Thursday, November 15, 2012 04:03:06 UTC",48.3902,-124.6052,1.6,41.30,21,"Strait of Juan de Fuca, Washington"
ci,15245441,2,"Thursday, November 15, 2012 03:45:45 UTC",33.0150,-116.4458,1.4,11.60,62,"Southern California"
ak,10600601,1,"Thursday, November 15, 2012 03:39:29 UTC",59.4543,-152.7516,2.5,69.30,20,"Southern Alaska"
ci,15245433,2,"Thursday, November 15, 2012 03:16:13 UTC",34.0517,-118.1093,1.1,9.20,22,"Greater Los Angeles area, California"
uw,60474722,1,"Thursday, November 15, 2012 03:15:17 UTC",48.3832,-120.3987,1.5,10.10, 6,"Washington"
nc,71886576,2,"Thursday, November 15, 2012 03:02:41 UTC",37.4118,-118.6035,1.1,10.90,32,"Central California"
uu,60004912,2,"Thursday, November 15, 2012 02:31:46 UTC",44.3607,-110.8443,1.4,2.10,12,"Yellowstone National Park, Wyoming"
nc,71887671,2,"Thursday, November 15, 2012 02:29:31 UTC",37.6358,-119.3890,1.0,7.20,19,"Central California"
ak,10600579,1,"Thursday, November 15, 2012 02:13:49 UTC",63.9580,-148.8093,2.4,0.00,25,"Central Alaska"
nc,71886536,2,"Thursday, November 15, 2012 02:11:24 UTC",40.3280,-123.6840,2.0,24.40,33,"Northern California"
uw,60474697,2,"Thursday, November 15, 2012 01:41:28 UTC",48.2148,-121.7682,1.2,14.70,26,"Washington"
nc,71886506,3,"Thursday, November 15, 2012 01:39:28 UTC",37.4083,-118.6007,2.2,11.80,47,"Central California"
us,c000dsvv,4,"Thursday, November 15, 2012 01:36:38 UTC",43.9711,39.1083,4.1,18.00,21,"Caucasus region, Russia"
us,c000dsvr,5,"Thursday, November 15, 2012 01:30:39 UTC",27.4912,140.0814,4.4,485.10,128,"Bonin Islands, Japan region"
uw,60474672,1,"Thursday, November 15, 2012 00:49:52 UTC",44.0142,-121.2382,2.1,0.00,15,"Oregon"
ak,10600424,1,"Thursday, November 15, 2012 00:36:23 UTC",65.0090,-147.3321,1.5,0.00,14,"northern Alaska"
ci,15245377,2,"Thursday, November 15, 2012 00:35:45 UTC",33.5908,-116.6352,1.1,14.00,46,"Southern California"
ci,15245369,2,"Thursday, November 15, 2012 00:35:35 UTC",33.5922,-116.6368,1.0,14.00,53,"Southern California"
uw,60474657,1,"Thursday, November 15, 2012 00:26:51 UTC",49.4295,-120.5338,2.1,0.00,10,"British Columbia, Canada"
us,2012hzae,6,"Thursday, November 15, 2012 00:25:52 UTC",39.6266,73.5230,4.2,52.60,16,"Kyrgyzstan"
ak,10600352,1,"Thursday, November 15, 2012 00:05:11 UTC",60.6088,-142.7650,1.3,2.60, 5,"Southern Alaska"
uw,60474642,1,"Thursday, November 15, 2012 00:03:39 UTC",49.4563,-120.5340,2.2,0.00,11,"British Columbia, Canada"
us,2012hzac,6,"Thursday, November 15, 2012 00:00:28 UTC",32.8774,92.3179,4.0,10.00,17,"Xizang-Qinghai border region"
us,c000dsu0,2,"Thursday, November 15, 2012 00:00:06 UTC",-5.8023,151.7226,4.8,8.80,42,"New Britain region, Papua New Guinea"
nc,71886391,0,"Wednesday, November 14, 2012 23:48:30 UTC",38.7635,-122.7145,1.0,2.20,13,"Northern California"
us,c000dssh,8,"Wednesday, November 14, 2012 23:41:53 UTC",-5.7427,151.5574,5.4,6.00,125,"New Britain region, Papua New Guinea"
hv,60431341,1,"Wednesday, November 14, 2012 23:24:02 UTC",19.2087,-155.3348,2.2,43.80,26,"Island of Hawaii, Hawaii"
ci,15245281,3,"Wednesday, November 14, 2012 22:57:24 UTC",34.7988,-118.9320,1.3,14.70,42,"Southern California"
nc,71886296,3,"Wednesday, November 14, 2012 22:23:05 UTC",39.1570,-123.0262,1.3,4.40, 9,"Northern California"
uu,60004902,2,"Wednesday, November 14, 2012 22:19:43 UTC",39.4075,-111.0918,1.0,1.80, 6,"Utah"
nc,71886286,1,"Wednesday, November 14, 2012 22:17:40 UTC",38.8023,-122.7782,1.3,3.70,21,"Northern California"
uw,60474562,1,"Wednesday, November 14, 2012 21:56:22 UTC",47.7648,-121.8700,1.0,6.40,11,"Puget Sound region, Washington"
nc,71886276,2,"Wednesday, November 14, 2012 21:46:19 UTC",37.3228,-122.1037,1.0,0.00, 9,"San Francisco Bay area, California"
uw,60474552,1,"Wednesday, November 14, 2012 21:29:21 UTC",48.2238,-121.7725,1.2,15.50,15,"Washington"
ci,15245249,4,"Wednesday, November 14, 2012 20:57:11 UTC",33.3187,-116.3372,1.2,12.90,84,"Southern California"
us,c000dski,7,"Wednesday, November 14, 2012 19:02:05 UTC",-29.1568,-71.2719,6.1,61.80,515,"Coquimbo, Chile"
hv,60431241,2,"Wednesday, November 14, 2012 18:55:05 UTC",19.3997,-155.2618,2.4,4.00,32,"Island of Hawaii, Hawaii"
ak,10600242,1,"Wednesday, November 14, 2012 18:50:57 UTC",61.8317,-149.2955,1.6,19.20, 4,"Southern Alaska"
us,c000dsj6,7,"Wednesday, November 14, 2012 18:22:31 UTC",-14.4505,173.7178,5.2,599.70,231,"Fiji region"
nc,71886206,0,"Wednesday, November 14, 2012 18:10:56 UTC",38.8275,-122.7997,1.2,0.00, 7,"Northern California"
nc,71886201,2,"Wednesday, November 14, 2012 18:10:21 UTC",37.4568,-118.8307,1.2,5.10,33,"Central California"
ci,15245145,2,"Wednesday, November 14, 2012 17:38:58 UTC",34.6828,-116.3437,1.0,3.10,13,"Southern California"
nc,71886161,2,"Wednesday, November 14, 2012 17:19:00 UTC",37.6442,-118.9510,1.0,7.30,32,"Long Valley area, California"
ak,10600204,1,"Wednesday, November 14, 2012 16:57:29 UTC",62.8946,-151.2800,1.9,136.80, 9,"Central Alaska"
ak,10600201,2,"Wednesday, November 14, 2012 16:52:13 UTC",52.1446,-173.5702,3.9,16.90,14,"Andreanof Islands, Aleutian Islands, Alaska"
ci,15245113,2,"Wednesday, November 14, 2012 16:48:38 UTC",36.3825,-117.8343,1.4,0.00,32,"Central California"
ci,15245121,2,"Wednesday, November 14, 2012 16:45:31 UTC",34.3442,-116.8857,1.3,0.00,11,"Southern California"
ak,10600193,2,"Wednesday, November 14, 2012 16:17:46 UTC",61.0279,-148.0158,1.3,10.00, 6,"Southern Alaska"
nc,71886146,2,"Wednesday, November 14, 2012 16:15:23 UTC",36.5728,-121.0387,1.5,7.50,25,"Central California"
ak,10600190,1,"Wednesday, November 14, 2012 16:13:38 UTC",57.4542,-142.7907,3.0,0.10,15,"Gulf of Alaska"
nc,71886141,2,"Wednesday, November 14, 2012 15:59:50 UTC",35.5688,-120.8260,1.3,5.60,48,"Central California"
nc,71886136,3,"Wednesday, November 14, 2012 15:59:07 UTC",36.2985,-120.8538,1.9,7.70,51,"Central California"
ak,10600182,1,"Wednesday, November 14, 2012 15:57:14 UTC",57.6160,-142.7696,3.1,15.00,17,"Gulf of Alaska"
ak,10600177,1,"Wednesday, November 14, 2012 15:24:14 UTC",61.4884,-140.8034,1.8,0.20,12,"Southern Yukon Territory, Canada"
nn,00393814,9,"Wednesday, November 14, 2012 14:50:12 UTC",37.4265,-115.6196,1.1,0.00,11,"Nevada"
ci,37100980,2,"Wednesday, November 14, 2012 14:47:05 UTC",33.0437,-116.3838,1.2,13.60,20,"Southern California"
mb,12491284,2,"Wednesday, November 14, 2012 14:40:06 UTC",45.3733,-112.6131,1.4,8.80,11,"western Montana"
nn,00393813,9,"Wednesday, November 14, 2012 14:19:06 UTC",37.9540,-118.1047,1.5,8.50,11,"Nevada"
ak,10600156,1,"Wednesday, November 14, 2012 12:39:01 UTC",57.8673,-142.6946,3.1,46.80,19,"Gulf of Alaska"
ak,10600154,1,"Wednesday, November 14, 2012 12:36:00 UTC",62.6097,-151.1398,1.6,6.40, 5,"Central Alaska"
nc,71886091,4,"Wednesday, November 14, 2012 12:17:43 UTC",36.5758,-121.0383,1.3,7.90,21,"Central California"
ak,10600148,1,"Wednesday, November 14, 2012 12:13:46 UTC",61.4171,-151.7160,2.0,83.40, 6,"Southern Alaska"
nc,71886086,3,"Wednesday, November 14, 2012 11:56:05 UTC",36.0360,-120.1842,1.6,8.50,66,"Central California"
us,c000dsf7,3,"Wednesday, November 14, 2012 11:43:01 UTC",26.6719,102.5105,4.7,46.00,19,"Sichuan-Yunnan border region, China"
us,c000dsfa,4,"Wednesday, November 14, 2012 11:40:59 UTC",-20.9188,-173.8759,4.5,46.00,128,"Tonga"
ak,10600142,1,"Wednesday, November 14, 2012 11:22:48 UTC",61.5552,-146.5361,1.8,27.40,11,"Southern Alaska"
ci,15245033,2,"Wednesday, November 14, 2012 11:13:01 UTC",35.3623,-118.4563,1.2,6.10,16,"Central California"
uw,60474307,1,"Wednesday, November 14, 2012 11:10:27 UTC",47.8810,-121.6423,1.1,9.30,26,"Washington"
nc,71886066,2,"Wednesday, November 14, 2012 11:05:22 UTC",37.4875,-118.8397,1.3,4.20,33,"Central California"
nc,71886061,0,"Wednesday, November 14, 2012 10:51:03 UTC",38.8363,-122.8122,1.0,2.60,19,"Northern California"
nc,71886056,3,"Wednesday, November 14, 2012 10:41:50 UTC",36.5752,-121.0372,2.2,8.00,69,"Central California"
ci,15245009,2,"Wednesday, November 14, 2012 10:34:47 UTC",32.8435,-116.0253,1.9,9.30,70,"Southern California"
ak,10600133,1,"Wednesday, November 14, 2012 10:29:40 UTC",62.8382,-143.5584,2.0,0.00,16,"Central Alaska"
ak,10600129,1,"Wednesday, November 14, 2012 10:11:57 UTC",60.2179,-151.8085,2.0,67.50,19,"Kenai Peninsula, Alaska"
hv,60431141,2,"Wednesday, November 14, 2012 10:00:35 UTC",19.3872,-155.2503,2.0,3.50,28,"Island of Hawaii, Hawaii"
nc,71886051,2,"Wednesday, November 14, 2012 09:41:59 UTC",36.2873,-120.8508,1.2,5.90,17,"Central California"
ak,10600123,1,"Wednesday, November 14, 2012 09:32:20 UTC",61.5916,-151.6387,1.6,95.50,11,"Southern Alaska"
ci,15244993,2,"Wednesday, November 14, 2012 09:25:59 UTC",33.0470,-116.4452,1.4,5.20,58,"Southern California"
ak,10600117,1,"Wednesday, November 14, 2012 09:20:13 UTC",61.3054,-146.8068,1.8,35.30,15,"Southern Alaska"
us,c000dsdj,6,"Wednesday, November 14, 2012 09:15:51 UTC",-30.0707,-174.5414,4.8,32.50,22,"Kermadec Islands region"
nc,71886041,1,"Wednesday, November 14, 2012 09:03:52 UTC",38.8200,-122.7935,1.3,3.20,28,"Northern California"
nn,00393804,9,"Wednesday, November 14, 2012 09:03:20 UTC",39.9246,-117.9796,1.3,0.00, 4,"Nevada"
ci,15244985,2,"Wednesday, November 14, 2012 08:56:10 UTC",35.4937,-118.4013,1.5,10.10,51,"Central California"
ci,15244977,2,"Wednesday, November 14, 2012 08:46:18 UTC",33.2187,-115.6280,1.2,4.80,16,"Southern California"
ci,15244969,2,"Wednesday, November 14, 2012 08:43:30 UTC",33.2722,-116.3185,1.4,13.60,43,"Southern California"
ak,10600104,1,"Wednesday, November 14, 2012 08:39:22 UTC",61.9356,-147.3490,2.2,6.50,27,"Southern Alaska"
ci,15244961,2,"Wednesday, November 14, 2012 08:26:00 UTC",34.0267,-117.2188,1.5,15.90,60,"Greater Los Angeles area, California"
ci,15244953,2,"Wednesday, November 14, 2012 08:20:14 UTC",32.8092,-115.4080,1.8,14.70,16,"Southern California"
ak,10600099,1,"Wednesday, November 14, 2012 08:07:40 UTC",61.4493,-140.7372,1.6,7.70, 6,"Southern Yukon Territory, Canada"
nc,71886021,2,"Wednesday, November 14, 2012 07:59:25 UTC",37.6423,-118.9388,1.1,7.10,33,"Long Valley area, California"
us,c000dsck,7,"Wednesday, November 14, 2012 07:41:58 UTC",-20.6661,-174.0458,5.1,39.60,156,"Tonga"
uw,60474287,1,"Wednesday, November 14, 2012 07:41:49 UTC",47.5872,-122.3863,1.0,25.50,29,"Seattle-Tacoma urban area, Washington"
nc,71886001,0,"Wednesday, November 14, 2012 07:27:49 UTC",38.8262,-122.8400,1.0,1.40,17,"Northern California"
us,c000dscg,7,"Wednesday, November 14, 2012 07:24:28 UTC",35.6722,29.9275,4.7,10.10,53,"eastern Mediterranean Sea"
pr,12319001,0,"Wednesday, November 14, 2012 07:23:04 UTC",18.1266,-67.1126,2.6,63.00, 3,"Puerto Rico"
uw,60474277,1,"Wednesday, November 14, 2012 07:10:45 UTC",44.5900,-125.1368,2.6,41.10,17,"offshore Oregon"
ci,15244937,2,"Wednesday, November 14, 2012 06:58:36 UTC",33.5190,-116.4048,1.0,12.40,62,"Southern California"
ci,15244929,4,"Wednesday, November 14, 2012 06:21:55 UTC",35.4098,-117.8273,1.3,3.60,23,"Southern California"
ci,15244913,2,"Wednesday, November 14, 2012 06:16:28 UTC",35.8655,-118.1000,1.3,12.60,27,"Central California"
ci,15244905,2,"Wednesday, November 14, 2012 06:12:41 UTC",33.1683,-115.6450,1.1,3.80, 8,"Southern California"
nc,71885971,2,"Wednesday, November 14, 2012 06:07:44 UTC",38.9952,-123.0592,1.4,6.40,19,"Northern California"
ci,15244897,2,"Wednesday, November 14, 2012 05:53:30 UTC",33.5607,-116.6585,1.1,6.90,15,"Southern California"
ci,15244889,2,"Wednesday, November 14, 2012 05:34:14 UTC",34.0320,-116.7215,1.4,15.20,57,"Southern California"
ci,15244881,3,"Wednesday, November 14, 2012 05:27:05 UTC",32.9440,-116.2723,1.6,6.70,60,"Southern California"
us,c000dsbw,9,"Wednesday, November 14, 2012 05:21:43 UTC",9.9914,122.4305,5.6,46.40,197,"Negros, Philippines"
hv,60430986,2,"Wednesday, November 14, 2012 05:19:03 UTC",19.3773,-155.2858,2.0,2.60,25,"Island of Hawaii, Hawaii"
ci,15244873,2,"Wednesday, November 14, 2012 05:15:32 UTC",33.6963,-116.7298,1.0,20.00,46,"Southern California"
ak,10600063,1,"Wednesday, November 14, 2012 04:49:36 UTC",60.2933,-152.1440,2.1,80.20,11,"Southern Alaska"
ci,15244857,2,"Wednesday, November 14, 2012 04:40:05 UTC",35.9488,-117.7077,1.7,3.50,33,"Central California"
ak,10600056,1,"Wednesday, November 14, 2012 04:35:25 UTC",58.4341,-143.1270,2.4,61.40,21,"Gulf of Alaska"
ci,15244841,2,"Wednesday, November 14, 2012 04:27:46 UTC",33.4152,-116.3715,1.9,14.40,97,"Southern California"
ak,10600049,1,"Wednesday, November 14, 2012 04:26:01 UTC",57.1544,-143.0182,3.1,66.20,17,"Gulf of Alaska"
nc,71885921,2,"Wednesday, November 14, 2012 04:25:49 UTC",37.6408,-118.9417,1.3,8.00,35,"Long Valley area, California"
nc,71885916,2,"Wednesday, November 14, 2012 04:21:35 UTC",40.1580,-121.2265,1.8,5.60,16,"Northern California"
nc,71885911,0,"Wednesday, November 14, 2012 04:09:04 UTC",38.8103,-122.8130,1.3,3.00,23,"Northern California"
nn,00393786,9,"Wednesday, November 14, 2012 03:42:40 UTC",37.4585,-114.1650,1.7,5.20, 6,"Nevada"
ak,10600038,1,"Wednesday, November 14, 2012 03:40:41 UTC",61.1272,-141.0831,2.4,3.10,26,"Southern Alaska"
hv,60430946,1,"Wednesday, November 14, 2012 03:30:50 UTC",19.1887,-155.7103,2.0,7.60,12,"Island of Hawaii, Hawaii"
ci,15244833,2,"Wednesday, November 14, 2012 03:08:36 UTC",33.5658,-116.5937,1.9,14.60,35,"Southern California"
us,c000dsb2,4,"Wednesday, November 14, 2012 03:04:46 UTC",51.8201,-130.5590,4.7,15.30,207,"Queen Charlotte Islands, Canada region"
hv,60430916,1,"Wednesday, November 14, 2012 02:28:56 UTC",19.4110,-155.5158,1.7,17.40,10,"Island of Hawaii, Hawaii"
nc,71885826,1,"Wednesday, November 14, 2012 02:07:27 UTC",38.8155,-122.8257,1.6,2.50,30,"Northern California"
ak,10599944,1,"Wednesday, November 14, 2012 01:49:53 UTC",61.6390,-150.9939,1.1,70.30,11,"Southern Alaska"
nc,71885801,0,"Wednesday, November 14, 2012 01:34:49 UTC",38.8197,-122.8233,1.0,3.30,20,"Northern California"
ak,10599864,1,"Wednesday, November 14, 2012 01:29:43 UTC",61.6754,-151.2569,1.7,70.80, 9,"Southern Alaska"
pr,12319000,0,"Wednesday, November 14, 2012 01:10:00 UTC",17.8584,-66.1682,3.0,4.00,15,"Puerto Rico region"
uw,60474147,1,"Wednesday, November 14, 2012 00:49:54 UTC",44.0372,-121.2527,2.8,0.00,22,"Oregon"
us,c000ds9y,8,"Wednesday, November 14, 2012 00:43:04 UTC",17.4559,-93.2990,4.6,38.30,143,"Chiapas, Mexico"
ci,15244801,2,"Wednesday, November 14, 2012 00:31:25 UTC",35.0490,-117.6712,2.1,0.00,16,"Southern California"
ci,15244793,4,"Wednesday, November 14, 2012 00:25:26 UTC",34.0502,-118.1003,1.7,9.30,19,"Greater Los Angeles area, California"
ak,10599635,1,"Wednesday, November 14, 2012 00:17:47 UTC",63.2934,-151.6709,1.7,0.00, 6,"Central Alaska"
us,c000ds8v,7,"Wednesday, November 14, 2012 00:09:45 UTC",15.3146,-90.6554,4.3,79.50,21,"Guatemala"
nn,00393766,9,"Wednesday, November 14, 2012 00:09:44 UTC",38.5400,-118.5294,1.5,11.10,15,"Nevada"
us,c000ds8m,6,"Wednesday, November 14, 2012 00:02:00 UTC",37.2512,37.1476,4.2,10.00,21,"central Turkey"
us,c000ds8k,D,"Wednesday, November 14, 2012 00:00:45 UTC",-27.3717,-69.1227,4.8,91.40,215,"Atacama, Chile"
us,c000ds8h,7,"Tuesday, November 13, 2012 23:55:49 UTC",37.1386,37.0960,4.5,11.00,51,"central Turkey"
nc,71885741,5,"Tuesday, November 13, 2012 23:50:03 UTC",40.4492,-125.9713,3.5,22.80,41,"off the coast of Northern California"
us,c000ds8f,4,"Tuesday, November 13, 2012 23:43:36 UTC",51.7443,177.0201,4.5,60.40,45,"Rat Islands, Aleutian Islands, Alaska"
ci,15244745,2,"Tuesday, November 13, 2012 23:37:56 UTC",34.2690,-116.9583,1.9,8.70,103,"Southern California"
us,c000ds7u,C,"Tuesday, November 13, 2012 23:24:09 UTC",42.5395,19.0011,4.6,9.80,77,"Montenegro"
us,c000ds7z,B,"Tuesday, November 13, 2012 23:23:49 UTC",-21.0416,-175.9344,5.4,27.10,282,"Tonga"
ci,15244721,4,"Tuesday, November 13, 2012 23:14:06 UTC",33.8465,-117.4897,1.4,0.00,14,"Greater Los Angeles area, California"
ak,10599605,1,"Tuesday, November 13, 2012 22:48:05 UTC",63.2938,-151.1512,1.5,9.80, 5,"Central Alaska"
ak,10599600,1,"Tuesday, November 13, 2012 22:38:47 UTC",59.9514,-150.6114,1.4,40.10, 5,"Kenai Peninsula, Alaska"
ci,15244713,6,"Tuesday, November 13, 2012 22:30:10 UTC",33.8432,-117.4980,1.7,1.20,59,"Greater Los Angeles area, California"
nc,71885706,3,"Tuesday, November 13, 2012 22:18:15 UTC",36.8138,-121.5418,1.9,4.90,61,"Central California"
uw,60474067,2,"Tuesday, November 13, 2012 22:13:15 UTC",46.0408,-122.8605,1.0,16.60,24,"Washington"
ci,15244705,2,"Tuesday, November 13, 2012 22:09:24 UTC",33.4197,-116.3647,1.9,14.50,31,"Southern California"
ci,15244697,4,"Tuesday, November 13, 2012 22:08:02 UTC",33.6992,-116.7988,1.5,17.70,42,"Southern California"
ci,15244689,4,"Tuesday, November 13, 2012 22:01:33 UTC",33.8578,-117.5078,1.8,0.00,37,"Greater Los Angeles area, California"
ci,15244673,2,"Tuesday, November 13, 2012 21:39:28 UTC",33.7478,-116.8252,1.5,16.80,59,"Southern California"
nc,71885701,2,"Tuesday, November 13, 2012 21:39:20 UTC",37.3302,-122.1072,1.3,0.00,12,"San Francisco Bay area, California"
ak,10599578,1,"Tuesday, November 13, 2012 21:35:26 UTC",63.3371,-145.0147,1.3,11.30, 6,"Central Alaska"
ci,15244665,2,"Tuesday, November 13, 2012 21:29:25 UTC",35.4957,-118.3970,1.4,9.30,24,"Central California"
nc,71885696,0,"Tuesday, November 13, 2012 21:15:15 UTC",38.9745,-122.6943,1.5,2.90, 6,"Northern California"
mb,12965133,2,"Tuesday, November 13, 2012 21:10:14 UTC",44.4246,-113.0308,1.2,10.20,16,"southern Idaho"
ak,10599564,1,"Tuesday, November 13, 2012 21:06:03 UTC",57.4563,-142.6861,3.4,0.20,43,"Gulf of Alaska"
ak,10599557,1,"Tuesday, November 13, 2012 21:02:50 UTC",60.1599,-145.4735,1.7,24.30,13,"Southern Alaska"
ak,10599546,1,"Tuesday, November 13, 2012 20:24:02 UTC",59.9420,-152.3054,2.1,27.50, 8,"Southern Alaska"
ak,10599540,2,"Tuesday, November 13, 2012 20:21:51 UTC",57.6119,-142.8435,2.4,3.70,16,"Gulf of Alaska"
uw,60474022,4,"Tuesday, November 13, 2012 19:52:00 UTC",46.1952,-122.1848,1.7,1.70,22,"Mount St. Helens area, Washington"
nc,71881915,0,"Tuesday, November 13, 2012 19:24:15 UTC",38.8380,-122.7900,1.0,2.20,10,"Northern California"
nc,71881900,0,"Tuesday, November 13, 2012 19:08:49 UTC",37.9143,-118.9452,1.2,6.40,14,"Central California"
ak,10599503,1,"Tuesday, November 13, 2012 18:57:35 UTC",60.1342,-145.5227,2.0,19.80,29,"Southern Alaska"
ak,10599494,1,"Tuesday, November 13, 2012 18:35:20 UTC",61.8472,-149.8676,1.3,1.90, 4,"Southern Alaska"
us,c000drwl,4,"Tuesday, November 13, 2012 18:28:14 UTC",22.8280,95.9430,4.9,21.80,49,"Myanmar"
ak,10599490,1,"Tuesday, November 13, 2012 18:26:49 UTC",63.2219,-151.0513,1.1,16.00, 4,"Central Alaska"
nc,71881855,2,"Tuesday, November 13, 2012 18:25:08 UTC",35.2033,-120.6743,1.4,5.30,27,"Central California"
ak,10599478,2,"Tuesday, November 13, 2012 18:14:46 UTC",57.5621,-142.8187,2.5,10.00,19,"Gulf of Alaska"
nc,71881845,3,"Tuesday, November 13, 2012 18:10:17 UTC",37.2490,-119.8892,1.7,19.90,10,"Central California"
ak,10599467,1,"Tuesday, November 13, 2012 18:00:41 UTC",63.9406,-149.2907,1.4,0.30,13,"Central Alaska"
ak,10599463,1,"Tuesday, November 13, 2012 17:58:50 UTC",62.2749,-150.2023,1.7,0.10,15,"Central Alaska"
nc,71881820,0,"Tuesday, November 13, 2012 17:27:44 UTC",38.8230,-122.7635,1.0,2.10,12,"Northern California"
ak,10599447,1,"Tuesday, November 13, 2012 17:25:56 UTC",63.3367,-144.8915,1.3,6.10, 7,"Central Alaska"
ak,10599440,1,"Tuesday, November 13, 2012 17:07:43 UTC",61.6682,-151.3986,1.9,66.50,20,"Southern Alaska"
ak,10599424,1,"Tuesday, November 13, 2012 16:18:23 UTC",61.6137,-146.5622,2.0,8.80,31,"Southern Alaska"
ci,15244545,4,"Tuesday, November 13, 2012 16:17:41 UTC",33.2763,-116.7785,1.2,5.40,36,"Southern California"
ak,10599417,1,"Tuesday, November 13, 2012 15:59:18 UTC",61.5005,-149.7926,1.7,34.00, 8,"Southern Alaska"
nc,71881765,2,"Tuesday, November 13, 2012 15:33:20 UTC",36.4600,-121.0368,1.6,4.90,22,"Central California"
nc,71881760,4,"Tuesday, November 13, 2012 15:22:39 UTC",36.5632,-121.1528,1.4,3.60,26,"Central California"
ak,10599407,1,"Tuesday, November 13, 2012 15:21:38 UTC",62.9191,-149.0676,1.6,60.70, 5,"Central Alaska"
ak,10599403,1,"Tuesday, November 13, 2012 15:06:45 UTC",64.4106,-147.4404,1.1,10.10,10,"Central Alaska"
ak,10599391,1,"Tuesday, November 13, 2012 14:53:05 UTC",57.6160,-142.7696,2.9,15.00,16,"Gulf of Alaska"
ak,10599392,3,"Tuesday, November 13, 2012 14:51:58 UTC",64.5195,-148.8740,1.3,0.50, 7,"Central Alaska"
ci,15244529,2,"Tuesday, November 13, 2012 14:48:40 UTC",33.7997,-116.0533,1.3,5.10,33,"Southern California"
ci,15244521,2,"Tuesday, November 13, 2012 14:31:08 UTC",32.6083,-115.6847,1.6,12.30,17,"Baja California, Mexico"
nc,71881730,1,"Tuesday, November 13, 2012 14:21:11 UTC",38.8173,-122.8263,1.6,2.60,27,"Northern California"
uu,60004727,4,"Tuesday, November 13, 2012 14:00:51 UTC",44.5080,-110.5923,1.1,5.80,13,"Yellowstone National Park, Wyoming"
nc,71881725,2,"Tuesday, November 13, 2012 13:56:55 UTC",39.0477,-123.0908,1.7,0.80,36,"Northern California"
ak,10599375,1,"Tuesday, November 13, 2012 13:44:26 UTC",64.5930,-147.9992,1.8,14.80,19,"Central Alaska"
ci,15244513,2,"Tuesday, November 13, 2012 13:44:11 UTC",34.2595,-116.7455,1.4,1.50,42,"Southern California"
nc,71881720,6,"Tuesday, November 13, 2012 13:40:05 UTC",39.0457,-123.0908,3.3,3.00,79,"Northern California"
ci,15244505,2,"Tuesday, November 13, 2012 13:38:11 UTC",32.8032,-116.1347,1.6,10.40,50,"Southern California"
ak,10599368,1,"Tuesday, November 13, 2012 13:27:09 UTC",63.4434,-148.9111,1.3,9.80, 8,"Central Alaska"
nc,71881715,0,"Tuesday, November 13, 2012 13:26:33 UTC",38.8287,-122.7987,1.0,1.80,16,"Northern California"
ci,15244497,2,"Tuesday, November 13, 2012 13:24:48 UTC",33.8968,-116.2892,1.2,8.00,36,"Southern California"
ak,10599360,1,"Tuesday, November 13, 2012 13:23:45 UTC",63.2578,-150.6167,1.9,134.50,24,"Central Alaska"
ak,10599352,2,"Tuesday, November 13, 2012 13:15:31 UTC",57.5212,-142.8596,2.6,10.00,10,"Gulf of Alaska"
ak,10599351,1,"Tuesday, November 13, 2012 13:15:24 UTC",63.2396,-151.1152,1.5,0.00, 9,"Central Alaska"
ak,10599345,1,"Tuesday, November 13, 2012 13:06:49 UTC",60.9270,-151.0034,2.3,55.40,32,"Kenai Peninsula, Alaska"
ak,10599341,1,"Tuesday, November 13, 2012 12:52:41 UTC",64.9454,-151.3545,1.3,7.10, 6,"Central Alaska"
nc,71881705,2,"Tuesday, November 13, 2012 12:51:59 UTC",35.7577,-121.2630,1.2,5.80,18,"Central California"
nc,71881690,3,"Tuesday, November 13, 2012 12:47:25 UTC",38.2762,-119.3708,1.7,4.00,35,"Central California"
us,c000drpn,3,"Tuesday, November 13, 2012 12:42:50 UTC",0.2740,122.3120,4.3,155.00,39,"Minahasa, Sulawesi, Indonesia"
ci,15244489,2,"Tuesday, November 13, 2012 12:16:51 UTC",35.2538,-118.6115,1.8,8.70,37,"Central California"
us,c000drpf,5,"Tuesday, November 13, 2012 12:13:18 UTC",-16.6715,-175.7467,4.8,176.50,30,"Tonga"
uw,60473882,3,"Tuesday, November 13, 2012 12:13:08 UTC",47.8810,-121.6472,2.3,8.80,40,"Washington"
us,c000drpd,6,"Tuesday, November 13, 2012 12:12:08 UTC",-4.8863,103.0243,4.6,67.40,49,"southern Sumatra, Indonesia"
pr,12318001,0,"Tuesday, November 13, 2012 12:02:14 UTC",18.7584,-64.2908,2.3,41.00, 3,"Virgin Islands region"
pr,12318000,0,"Tuesday, November 13, 2012 12:00:04 UTC",18.2098,-64.7570,2.4,13.00, 6,"Virgin Islands region"
ak,10599314,1,"Tuesday, November 13, 2012 11:41:15 UTC",59.7239,-143.5162,1.8,40.00, 8,"Gulf of Alaska"
nc,71881665,2,"Tuesday, November 13, 2012 11:40:14 UTC",37.4913,-118.8375,1.1,9.00,33,"Central California"
ak,10599310,2,"Tuesday, November 13, 2012 11:28:42 UTC",50.6827,-175.0102,3.2,25.00, 8,"Andreanof Islands, Aleutian Islands, Alaska"
nc,71881650,2,"Tuesday, November 13, 2012 11:14:14 UTC",37.6458,-118.9132,1.9,1.40,26,"Long Valley area, California"
mb,12743283,2,"Tuesday, November 13, 2012 11:12:59 UTC",46.0548,-111.4418,1.0,9.40,11,"western Montana"
ci,15244465,2,"Tuesday, November 13, 2012 11:07:36 UTC",35.6620,-118.4672,1.8,9.60,67,"Central California"
hv,60430636,2,"Tuesday, November 13, 2012 10:51:47 UTC",19.4000,-155.3053,1.9,4.00,28,"Island of Hawaii, Hawaii"
nc,71881630,1,"Tuesday, November 13, 2012 10:48:16 UTC",38.8040,-122.7928,1.2,1.20,25,"Northern California"
ak,10599300,1,"Tuesday, November 13, 2012 10:36:05 UTC",60.3718,-141.8853,1.8,6.20,16,"Southern Alaska"
ak,10599296,1,"Tuesday, November 13, 2012 10:17:12 UTC",64.4619,-148.0788,1.1,20.60, 9,"Central Alaska"
ak,10599289,1,"Tuesday, November 13, 2012 09:48:55 UTC",61.6019,-150.6291,2.0,41.40,12,"Southern Alaska"
ak,10599288,2,"Tuesday, November 13, 2012 09:46:05 UTC",58.5022,-142.7042,2.0,10.00,12,"Gulf of Alaska"
mb,12348669,2,"Tuesday, November 13, 2012 09:36:03 UTC",47.7495,-113.8005,1.3,13.70,15,"western Montana"
ak,10599281,1,"Tuesday, November 13, 2012 09:33:11 UTC",63.8555,-148.4839,1.4,112.60, 9,"Central Alaska"
mb,12822518,2,"Tuesday, November 13, 2012 09:31:59 UTC",47.7473,-113.8176,1.2,13.10,16,"western Montana"
ak,10599278,2,"Tuesday, November 13, 2012 09:20:41 UTC",57.6749,-143.0462,2.5,10.00,10,"Gulf of Alaska"
nc,71881600,2,"Tuesday, November 13, 2012 09:15:09 UTC",36.2793,-120.8477,1.8,7.30,53,"Central California"
us,c000drn8,6,"Tuesday, November 13, 2012 09:08:01 UTC",13.8713,-92.3321,4.8,34.80,254,"offshore Guatemala"
nc,71881570,2,"Tuesday, November 13, 2012 08:41:37 UTC",36.7967,-121.4928,1.4,10.20,40,"Central California"
nc,71881565,1,"Tuesday, November 13, 2012 08:37:44 UTC",38.8248,-122.7790,1.8,2.40,36,"Northern California"
us,c000drn3,A,"Tuesday, November 13, 2012 08:35:14 UTC",37.1039,-104.8564,2.7,5.00,36,"Colorado"
ak,10599264,1,"Tuesday, November 13, 2012 08:31:11 UTC",56.9666,-157.6972,2.6,85.40,15,"Alaska Peninsula"
nc,71881540,1,"Tuesday, November 13, 2012 07:55:03 UTC",38.8135,-122.8198,1.4,3.20,25,"Northern California"
us,c000drmp,5,"Tuesday, November 13, 2012 07:34:19 UTC",52.8244,-132.4372,4.3,10.10,238,"Queen Charlotte Islands, Canada region"
nc,71881535,0,"Tuesday, November 13, 2012 07:22:03 UTC",38.7933,-122.7588,1.2,0.00,13,"Northern California"
us,c000drmk,7,"Tuesday, November 13, 2012 07:17:02 UTC",11.9646,-86.4206,4.3,140.60,140,"near the coast of Nicaragua"
us,c000drmh,7,"Tuesday, November 13, 2012 07:06:33 UTC",38.2304,15.9007,4.4,81.90,46,"Sicily, Italy"
ak,10599240,1,"Tuesday, November 13, 2012 07:01:04 UTC",60.4834,-147.3458,1.9,22.00,19,"Southern Alaska"
us,c000drml,3,"Tuesday, November 13, 2012 06:48:19 UTC",29.7169,-42.5989,4.9,10.10,159,"northern Mid-Atlantic Ridge"
ak,10599234,1,"Tuesday, November 13, 2012 06:48:03 UTC",60.2976,-143.1193,1.0,6.30, 6,"Southern Alaska"
us,c000drma,6,"Tuesday, November 13, 2012 06:44:17 UTC",-3.0059,139.6024,4.8,48.40,36,"Papua, Indonesia"
ak,10599228,1,"Tuesday, November 13, 2012 06:32:50 UTC",60.6628,-151.8667,1.8,79.10,13,"Kenai Peninsula, Alaska"
us,c000drme,4,"Tuesday, November 13, 2012 06:21:32 UTC",29.8391,-42.7953,4.8,10.10,141,"northern Mid-Atlantic Ridge"
ci,15244449,3,"Tuesday, November 13, 2012 06:11:55 UTC",35.9115,-118.0960,1.5,13.50,55,"Central California"
nc,71881515,2,"Tuesday, November 13, 2012 05:45:31 UTC",39.4042,-122.7792,1.6,8.50,18,"Northern California"
nc,71881510,2,"Tuesday, November 13, 2012 05:32:54 UTC",35.7520,-121.2013,1.1,7.80,16,"Central California"
uu,60004717,2,"Tuesday, November 13, 2012 05:32:26 UTC",39.4190,-111.2015,1.4,1.90, 6,"Utah"
us,c000drlw,6,"Tuesday, November 13, 2012 05:31:57 UTC",13.7682,-92.0536,4.8,36.40,275,"offshore Guatemala"
ci,15244433,7,"Tuesday, November 13, 2012 05:13:18 UTC",34.3755,-116.4588,1.4,9.30,96,"Southern California"
ak,10599203,2,"Tuesday, November 13, 2012 04:57:50 UTC",63.9885,-150.3014,1.0,10.00, 7,"Central Alaska"
us,c000drlm,9,"Tuesday, November 13, 2012 04:55:48 UTC",52.8231,-132.0062,5.1,9.80,378,"Queen Charlotte Islands, Canada region"
nc,71881490,3,"Tuesday, November 13, 2012 04:33:35 UTC",38.7072,-122.3925,1.1,8.60,23,"Northern California"
us,c000drlb,9,"Tuesday, November 13, 2012 04:31:27 UTC",-45.7438,-77.1419,6.0,9.70,171,"off the coast of Aisen, Chile"
ci,15244417,6,"Tuesday, November 13, 2012 04:06:18 UTC",33.4870,-116.5598,1.0,13.80,75,"Southern California"
nc,71881475,1,"Tuesday, November 13, 2012 04:01:21 UTC",38.8162,-122.8182,1.8,2.70,32,"Northern California"
nc,71881470,0,"Tuesday, November 13, 2012 03:59:33 UTC",39.9750,-122.9312,1.6,0.00,11,"Northern California"
nc,71881450,1,"Tuesday, November 13, 2012 03:39:47 UTC",38.8717,-122.8212,1.8,3.50,30,"Northern California"
ci,15244393,3,"Tuesday, November 13, 2012 03:32:25 UTC",34.6957,-116.2690,2.3,0.00,61,"Southern California"
uw,60473822,2,"Tuesday, November 13, 2012 03:24:26 UTC",47.6613,-120.2427,2.1,6.40,17,"Washington"
nc,71881440,2,"Tuesday, November 13, 2012 03:23:21 UTC",36.5703,-121.0363,1.4,7.70,19,"Central California"
us,c000drkq,6,"Tuesday, November 13, 2012 03:11:26 UTC",-20.4677,-69.0119,5.0,91.50,268,"Tarapaca, Chile"
mb,12164829,2,"Tuesday, November 13, 2012 03:00:40 UTC",46.1798,-111.9638,1.1,4.80,12,"western Montana"
ak,10599157,2,"Tuesday, November 13, 2012 02:24:00 UTC",57.5424,-142.8629,3.2,27.50,45,"Gulf of Alaska"
nc,71881430,2,"Tuesday, November 13, 2012 02:21:40 UTC",35.9248,-120.4803,1.1,4.40,39,"Central California"
ak,10599148,2,"Tuesday, November 13, 2012 02:18:13 UTC",64.9283,-151.1913,2.6,11.30,17,"Central Alaska"
ak,10599138,1,"Tuesday, November 13, 2012 02:12:43 UTC",57.6864,-142.8159,3.4,38.90,39,"Gulf of Alaska"
uu,60004687,2,"Tuesday, November 13, 2012 02:06:36 UTC",40.0182,-111.3210,1.6,1.90,16,"Utah"
ak,10599130,2,"Tuesday, November 13, 2012 02:05:02 UTC",63.2362,-150.4175,1.5,119.30, 9,"Central Alaska"
ak,10599119,1,"Tuesday, November 13, 2012 01:57:43 UTC",64.7266,-146.8280,1.2,13.30, 7,"Central Alaska"
ak,10599118,1,"Tuesday, November 13, 2012 01:57:00 UTC",56.8100,-142.4385,3.4,0.10,16,"Gulf of Alaska"
us,c000drkd,6,"Tuesday, November 13, 2012 01:56:45 UTC",-1.7773,-81.5940,5.0,34.80,258,"off the coast of Ecuador"
ak,10599116,1,"Tuesday, November 13, 2012 01:56:14 UTC",64.7028,-146.8988,1.4,7.30,12,"Central Alaska"
us,c000drkc,4,"Tuesday, November 13, 2012 01:52:20 UTC",19.2380,96.0819,4.8,18.20,23,"Myanmar"
ci,15244345,3,"Tuesday, November 13, 2012 01:44:58 UTC",33.9997,-116.9565,2.0,14.80,165,"Southern California"
ak,10599110,2,"Tuesday, November 13, 2012 01:44:32 UTC",64.9744,-151.4099,2.0,10.00, 9,"Central Alaska"
ci,15244353,3,"Tuesday, November 13, 2012 01:43:20 UTC",33.0238,-116.2165,1.1,5.00,38,"Southern California"
nc,71881370,2,"Tuesday, November 13, 2012 01:15:06 UTC",38.8388,-122.9375,1.2,5.40,39,"Northern California"
nc,71881365,2,"Tuesday, November 13, 2012 01:10:34 UTC",37.0662,-121.1068,1.0,0.00,11,"Central California"
ak,10599089,2,"Tuesday, November 13, 2012 01:02:08 UTC",60.0938,-145.5485,1.8,10.00,24,"Southern Alaska"
ak,10599084,2,"Tuesday, November 13, 2012 01:00:55 UTC",60.0755,-145.5247,2.0,10.00,27,"Southern Alaska"
nc,71881325,2,"Tuesday, November 13, 2012 00:51:38 UTC",37.6792,-119.4338,1.2,8.20, 9,"Central California"
ci,15244337,3,"Tuesday, November 13, 2012 00:46:06 UTC",34.2183,-117.5103,1.0,8.60,40,"Greater Los Angeles area, California"
ak,10599073,2,"Tuesday, November 13, 2012 00:43:37 UTC",60.0484,-145.5379,2.1,0.60,29,"Southern Alaska"
ci,15244329,2,"Tuesday, November 13, 2012 00:19:16 UTC",35.5107,-116.2462,2.9,0.00,31,"Southern California"
us,c000drje,7,"Tuesday, November 13, 2012 00:12:00 UTC",10.3624,-85.5481,4.2,39.60,42,"Costa Rica"
ak,10599056,2,"Tuesday, November 13, 2012 00:07:39 UTC",64.9847,-147.3721,1.2,1.00,11,"Central Alaska"
hv,60430321,1,"Monday, November 12, 2012 23:59:01 UTC",19.2113,-155.3498,1.8,14.00,17,"Island of Hawaii, Hawaii"
ak,10599039,2,"Monday, November 12, 2012 23:54:04 UTC",57.5692,-142.9026,3.9,12.00,78,"Gulf of Alaska"
ak,10599024,2,"Monday, November 12, 2012 23:38:15 UTC",57.6567,-142.8316,2.5,4.60,21,"Gulf of Alaska"
ak,10599021,1,"Monday, November 12, 2012 23:33:17 UTC",59.5992,-142.3568,2.0,8.20, 7,"Gulf of Alaska"
ak,10599015,2,"Monday, November 12, 2012 23:30:04 UTC",57.5493,-142.8132,2.9,11.90,24,"Gulf of Alaska"
ak,10599008,2,"Monday, November 12, 2012 23:25:53 UTC",63.5085,-151.0407,1.2,1.00, 9,"Central Alaska"
ak,10598997,2,"Monday, November 12, 2012 23:18:57 UTC",57.5203,-142.8435,3.5,12.20,51,"Gulf of Alaska"
nn,00393645,9,"Monday, November 12, 2012 23:18:47 UTC",37.6521,-116.1402,1.1,8.00,12,"Nevada"
us,c000drir,8,"Monday, November 12, 2012 23:18:42 UTC",42.5576,19.0212,4.6,14.00,71,"Montenegro"
us,c000dril,5,"Monday, November 12, 2012 23:02:24 UTC",-37.7612,77.9166,4.8,9.90,28,"Mid-Indian Ridge"
ak,10598988,1,"Monday, November 12, 2012 23:00:14 UTC",59.9497,-152.1670,1.1,67.00, 6,"Southern Alaska"
ak,10598978,1,"Monday, November 12, 2012 22:54:22 UTC",63.0038,-150.7186,1.7,86.50, 7,"Central Alaska"
ak,10598971,2,"Monday, November 12, 2012 22:53:39 UTC",57.5061,-142.8097,3.3,9.80,45,"Gulf of Alaska"
ak,10598970,1,"Monday, November 12, 2012 22:53:31 UTC",64.9521,-151.2630,1.7,8.60,10,"Central Alaska"
ak,10598828,1,"Monday, November 12, 2012 22:45:21 UTC",59.9951,-142.9124,1.5,63.50, 7,"Gulf of Alaska"
ak,10598825,2,"Monday, November 12, 2012 22:41:42 UTC",56.0412,-152.7121,3.3,0.00,19,"Kodiak Island region, Alaska"
ak,10598820,2,"Monday, November 12, 2012 22:34:50 UTC",57.5361,-142.8006,2.9,10.00,28,"Gulf of Alaska"
ak,10598812,2,"Monday, November 12, 2012 22:20:52 UTC",57.4965,-142.5810,4.3,20.00,32,"Gulf of Alaska"
ak,10598808,2,"Monday, November 12, 2012 22:18:46 UTC",57.5445,-142.8024,4.2,11.80,38,"Gulf of Alaska"
ci,15244305,3,"Monday, November 12, 2012 22:18:45 UTC",33.6857,-116.6855,1.0,18.90,62,"Southern California"
ak,10598802,1,"Monday, November 12, 2012 22:16:42 UTC",57.8604,-142.8138,3.4,56.70,32,"Gulf of Alaska"
uw,60473777,1,"Monday, November 12, 2012 22:12:48 UTC",49.3277,-120.4842,2.1,0.00, 8,"British Columbia, Canada"
ci,15244289,5,"Monday, November 12, 2012 22:10:01 UTC",33.9787,-117.0713,1.0,14.80,67,"Greater Los Angeles area, California"
ak,10598785,1,"Monday, November 12, 2012 21:51:57 UTC",56.7390,-143.2325,3.4,0.00,19,"Gulf of Alaska"
ak,10598780,1,"Monday, November 12, 2012 21:50:41 UTC",63.0749,-151.4552,2.0,0.10,20,"Central Alaska"
ak,10598771,1,"Monday, November 12, 2012 21:41:14 UTC",58.9969,-142.7702,2.5,39.60,22,"Gulf of Alaska"
nc,71881170,2,"Monday, November 12, 2012 21:39:11 UTC",37.3252,-122.1052,1.2,0.00,15,"San Francisco Bay area, California"
ak,10598762,2,"Monday, November 12, 2012 21:33:14 UTC",57.5580,-143.0600,2.5,52.00,10,"Gulf of Alaska"
ak,10598753,2,"Monday, November 12, 2012 21:29:59 UTC",57.5943,-142.7593,3.2,46.90,32,"Gulf of Alaska"
ak,10598749,2,"Monday, November 12, 2012 21:27:51 UTC",63.4971,-150.1178,1.8,140.10,21,"Central Alaska"
ci,15244281,3,"Monday, November 12, 2012 21:16:41 UTC",33.6385,-116.7158,1.1,14.70,66,"Southern California"
ak,10598740,2,"Monday, November 12, 2012 21:08:15 UTC",57.5403,-142.8041,3.6,11.90,40,"Gulf of Alaska"
ak,10598734,2,"Monday, November 12, 2012 20:57:58 UTC",57.7451,-142.9552,2.7,0.00,19,"Gulf of Alaska"
ak,10598710,3,"Monday, November 12, 2012 20:42:17 UTC",57.6049,-142.8986,6.4,12.00,43,"Gulf of Alaska"
ak,10598708,1,"Monday, November 12, 2012 20:38:41 UTC",60.8335,-152.0245,2.0,102.20, 7,"Southern Alaska"
nc,71881135,3,"Monday, November 12, 2012 20:29:46 UTC",36.8713,-121.3367,1.4,7.50,47,"Central California"
uu,60004662,2,"Monday, November 12, 2012 20:19:42 UTC",44.2557,-110.6597,1.2,9.00,13,"Yellowstone National Park, Wyoming"
ak,10598686,2,"Monday, November 12, 2012 20:07:29 UTC",59.8518,-153.2471,2.5,114.60,50,"Southern Alaska"
ak,10598685,2,"Monday, November 12, 2012 20:05:48 UTC",55.5075,-160.7968,2.3,87.20, 8,"Alaska Peninsula"
uw,60473732,2,"Monday, November 12, 2012 19:45:52 UTC",46.4055,-119.2588,1.5,0.00,22,"Washington"
nc,71881095,3,"Monday, November 12, 2012 19:37:39 UTC",38.8252,-122.7980,1.3,3.70,62,"Northern California"
nc,71881090,3,"Monday, November 12, 2012 19:36:47 UTC",38.8248,-122.7990,1.4,3.30,69,"Northern California"
ak,10598659,2,"Monday, November 12, 2012 19:30:17 UTC",62.0605,-152.4299,1.7,121.30,14,"Central Alaska"
uu,60004652,2,"Monday, November 12, 2012 19:28:00 UTC",40.5010,-110.6708,1.2,6.00,10,"Utah"
nc,71881085,2,"Monday, November 12, 2012 19:20:26 UTC",36.3162,-120.8942,1.1,5.10,15,"Central California"
nc,71881080,2,"Monday, November 12, 2012 19:17:53 UTC",36.6507,-121.2675,1.5,4.60,32,"Central California"
nc,71881075,2,"Monday, November 12, 2012 19:17:35 UTC",36.6502,-121.2675,1.1,4.80,18,"Central California"
ak,10597552,2,"Monday, November 12, 2012 18:44:07 UTC",59.9096,-140.1129,1.6,1.50,15,"Southeastern Alaska"
ci,15244249,3,"Monday, November 12, 2012 18:33:17 UTC",34.2220,-117.5165,1.6,8.30,102,"Greater Los Angeles area, California"
ak,10597545,2,"Monday, November 12, 2012 18:25:48 UTC",63.1748,-150.7845,1.5,129.70, 7,"Central Alaska"
ci,15244233,3,"Monday, November 12, 2012 18:03:35 UTC",36.0205,-117.7747,1.7,2.00,22,"Central California"
nn,00393606,9,"Monday, November 12, 2012 17:58:43 UTC",36.7254,-115.4793,1.5,0.00, 9,"Nevada"
ci,15244225,3,"Monday, November 12, 2012 17:51:18 UTC",35.5082,-116.2498,2.6,0.00,28,"Southern California"
uu,60004627,2,"Monday, November 12, 2012 17:34:36 UTC",44.6330,-110.3407,1.3,5.00,12,"Yellowstone National Park, Wyoming"
uw,60473707,1,"Monday, November 12, 2012 17:27:41 UTC",46.3922,-119.2578,1.0,1.60,12,"Washington"
ak,10597531,2,"Monday, November 12, 2012 17:23:56 UTC",61.4747,-150.8098,1.1,71.50, 6,"Southern Alaska"
ak,10597533,1,"Monday, November 12, 2012 17:23:44 UTC",63.5761,-147.1837,1.4,1.00, 4,"Central Alaska"
ci,15244217,2,"Monday, November 12, 2012 17:15:16 UTC",36.0770,-117.9835,1.3,9.80,14,"Central California"
ak,10597523,1,"Monday, November 12, 2012 17:11:45 UTC",63.8402,-148.3610,2.0,84.60,25,"Central Alaska"
uw,60473702,1,"Monday, November 12, 2012 17:10:10 UTC",46.3987,-119.2565,1.6,0.50,17,"Washington"
nc,71881020,0,"Monday, November 12, 2012 17:02:14 UTC",38.8180,-122.7785,1.2,0.80,16,"Northern California"
uw,60473697,1,"Monday, November 12, 2012 17:01:23 UTC",46.3987,-119.2598,1.0,0.50,11,"Washington"
ak,10597518,1,"Monday, November 12, 2012 16:56:26 UTC",62.0564,-150.7310,1.7,0.30,13,"Central Alaska"
nc,71881010,0,"Monday, November 12, 2012 16:50:27 UTC",38.7595,-122.7423,1.2,2.50,18,"Northern California"
nc,71880995,3,"Monday, November 12, 2012 16:38:41 UTC",36.6775,-121.3048,1.7,6.50,42,"Central California"
ak,10597509,1,"Monday, November 12, 2012 16:32:06 UTC",64.4614,-148.0897,1.1,20.10,12,"Central Alaska"
nc,71880970,1,"Monday, November 12, 2012 16:13:03 UTC",38.7947,-122.7505,1.7,0.20,23,"Northern California"
ak,10597492,1,"Monday, November 12, 2012 15:42:48 UTC",59.9752,-152.1343,2.4,38.60,30,"Southern Alaska"
ci,15244201,5,"Monday, November 12, 2012 15:41:32 UTC",33.0243,-116.4360,1.3,5.10,72,"Southern California"
nc,71880955,1,"Monday, November 12, 2012 15:33:47 UTC",38.8453,-122.8258,1.9,1.60,27,"Northern California"
ak,10597485,1,"Monday, November 12, 2012 15:29:38 UTC",64.9800,-146.9361,1.3,13.20, 9,"Central Alaska"
us,c000dr8u,C,"Monday, November 12, 2012 14:58:14 UTC",-17.5387,-173.2497,5.0,35.00,99,"Tonga"
us,c000dr8h,9,"Monday, November 12, 2012 14:47:43 UTC",-24.1860,178.9193,5.3,568.40,311,"south of the Fiji Islands"
ci,15244185,3,"Monday, November 12, 2012 14:46:32 UTC",32.8965,-115.5347,2.0,8.60,55,"Southern California"
nc,71880915,3,"Monday, November 12, 2012 14:38:30 UTC",37.1570,-119.3088,1.7,24.20,27,"Central California"
ak,10597468,1,"Monday, November 12, 2012 14:31:34 UTC",62.8921,-150.8828,1.5,20.60, 9,"Central Alaska"
ci,15244169,5,"Monday, November 12, 2012 14:14:44 UTC",34.0400,-117.2502,1.6,16.90,120,"Greater Los Angeles area, California"
ci,15244129,4,"Monday, November 12, 2012 14:11:38 UTC",34.2495,-116.7620,1.4,3.20,108,"Southern California"
ak,10597459,2,"Monday, November 12, 2012 14:09:59 UTC",52.7380,-173.6013,3.9,135.60,29,"Andreanof Islands, Aleutian Islands, Alaska"
ak,10597455,1,"Monday, November 12, 2012 14:01:55 UTC",59.8434,-141.2810,1.8,13.10,20,"Southeastern Alaska"
uw,60473627,1,"Monday, November 12, 2012 13:30:16 UTC",43.2480,-116.8010,2.9,0.00,11,"southern Idaho"
ak,10597451,2,"Monday, November 12, 2012 13:28:21 UTC",62.1857,-149.5268,1.0,1.90, 7,"Central Alaska"
nc,71880895,3,"Monday, November 12, 2012 13:16:45 UTC",36.3020,-120.8390,2.7,9.90,100,"Central California"
ak,10597445,1,"Monday, November 12, 2012 13:12:21 UTC",63.2894,-151.1133,1.2,5.70, 5,"Central Alaska"
us,c000dr7f,4,"Monday, November 12, 2012 12:08:14 UTC",10.6681,-61.9728,4.6,78.50,40,"Sucre, Venezuela"
us,c000dr6y,B,"Monday, November 12, 2012 11:15:10 UTC",29.6955,138.1235,5.0,506.20,428,"Izu Islands, Japan region"
us,c000dr6t,5,"Monday, November 12, 2012 10:55:14 UTC",-45.6800,-76.9579,4.7,10.00,43,"off the coast of Aisen, Chile"
uu,60004597,6,"Monday, November 12, 2012 10:43:32 UTC",40.0850,-111.4070,2.5,8.00,48,"Utah"
us,c000dr6h,9,"Monday, November 12, 2012 10:32:28 UTC",-24.0196,-179.9020,5.0,540.60,207,"south of the Fiji Islands"
ci,15244073,4,"Monday, November 12, 2012 10:28:31 UTC",34.2188,-117.5155,1.2,9.00,78,"Greater Los Angeles area, California"
pr,12317001,0,"Monday, November 12, 2012 10:11:36 UTC",18.1811,-67.3430,2.3,11.00, 5,"Mona Passage, Puerto Rico"
ak,10597412,2,"Monday, November 12, 2012 09:48:15 UTC",59.9143,-139.1960,1.5,1.00, 9,"Southeastern Alaska"
nc,71880840,3,"Monday, November 12, 2012 08:59:44 UTC",36.5952,-121.2048,2.4,9.00,76,"Central California"
us,c000dr5u,4,"Monday, November 12, 2012 08:45:45 UTC",9.7772,-84.2782,4.5,30.20,29,"Costa Rica"
nc,71880830,2,"Monday, November 12, 2012 08:45:24 UTC",36.2982,-120.8470,1.9,7.00,38,"Central California"
mb,12621509,2,"Monday, November 12, 2012 08:36:09 UTC",44.8646,-111.5018,1.2,10.00,20,"western Montana"
ak,10597404,1,"Monday, November 12, 2012 08:33:02 UTC",60.0931,-150.3402,1.8,48.00,11,"Kenai Peninsula, Alaska"
uu,60004587,2,"Monday, November 12, 2012 08:23:13 UTC",44.2742,-110.6878,1.2,11.60, 9,"Yellowstone National Park, Wyoming"
ak,10597400,1,"Monday, November 12, 2012 08:05:08 UTC",63.9887,-150.5492,1.5,0.00,12,"Central Alaska"
ci,15244041,2,"Monday, November 12, 2012 07:59:12 UTC",34.0500,-116.2335,1.3,10.10,28,"Southern California"
nc,71880815,2,"Monday, November 12, 2012 07:54:44 UTC",37.3303,-118.5485,1.2,11.90,10,"Central California"
ci,15244033,2,"Monday, November 12, 2012 07:51:37 UTC",34.0462,-116.2333,1.5,8.80,66,"Southern California"
nc,71880800,0,"Monday, November 12, 2012 07:43:19 UTC",40.0265,-122.0270,1.6,8.00, 7,"Northern California"
us,c000dr4t,7,"Monday, November 12, 2012 07:26:04 UTC",52.1713,-131.2202,4.1,10.00,123,"Queen Charlotte Islands, Canada region"
uu,60004577,2,"Monday, November 12, 2012 07:24:00 UTC",44.2645,-110.6803,1.4,14.30,12,"Yellowstone National Park, Wyoming"
uu,60004572,2,"Monday, November 12, 2012 07:10:56 UTC",44.2763,-110.7112,1.7,16.90, 9,"Yellowstone National Park, Wyoming"
ak,10597393,1,"Monday, November 12, 2012 06:59:24 UTC",59.4260,-151.7765,1.7,34.10, 6,"Kenai Peninsula, Alaska"
nc,71880765,2,"Monday, November 12, 2012 06:53:57 UTC",37.9553,-118.6210,1.4,4.70,25,"Central California"
us,c000dr4b,5,"Monday, November 12, 2012 06:50:44 UTC",52.1871,-131.4521,4.0,10.00,112,"Queen Charlotte Islands, Canada region"
uu,60004567,2,"Monday, November 12, 2012 06:45:21 UTC",39.5820,-111.5523,1.2,9.90, 9,"Utah"
ci,15244025,2,"Monday, November 12, 2012 06:13:42 UTC",36.1105,-117.8692,1.1,4.40,10,"Central California"
us,c000dr3k,9,"Monday, November 12, 2012 06:05:26 UTC",14.4537,-91.9814,4.4,83.10,125,"Guatemala"
us,c000dr3p,7,"Monday, November 12, 2012 05:45:39 UTC",14.0772,-92.4315,4.3,35.10,31,"offshore Guatemala"
ci,15244017,4,"Monday, November 12, 2012 05:36:24 UTC",35.8685,-116.8583,1.4,3.70,23,"Central California"
us,c000dr34,7,"Monday, November 12, 2012 05:07:15 UTC",-45.6237,-76.8311,4.9,13.60,37,"off the coast of Aisen, Chile"
pr,12317000,0,"Monday, November 12, 2012 04:55:30 UTC",18.5004,-68.2628,3.6,164.00,11,"Mona Passage, Dominican Republic"
nc,71880730,0,"Monday, November 12, 2012 04:47:31 UTC",38.8185,-122.7750,1.0,0.70,15,"Northern California"
nc,71880725,1,"Monday, November 12, 2012 04:46:57 UTC",38.8175,-122.7732,1.7,0.70,27,"Northern California"
uu,60004557,2,"Monday, November 12, 2012 04:42:31 UTC",44.2587,-110.6628,1.5,8.00,15,"Yellowstone National Park, Wyoming"
us,c000dr30,4,"Monday, November 12, 2012 04:35:05 UTC",13.9303,-92.4201,4.3,19.60,26,"offshore Guatemala"
nc,71880720,0,"Monday, November 12, 2012 04:24:38 UTC",40.5148,-124.2682,1.8,5.50,10,"Northern California"
nc,71880715,2,"Monday, November 12, 2012 04:22:33 UTC",37.5683,-118.9363,1.3,2.90,21,"Central California"
nc,71880710,3,"Monday, November 12, 2012 04:22:24 UTC",37.5667,-118.9370,1.4,2.50,30,"Central California"
nc,71880700,2,"Monday, November 12, 2012 04:05:00 UTC",39.4120,-120.1247,2.1,0.30,23,"Northern California"
uu,60004552,2,"Monday, November 12, 2012 03:45:01 UTC",44.2563,-110.6557,2.0,7.80,19,"Yellowstone National Park, Wyoming"
ak,10597350,1,"Monday, November 12, 2012 03:38:06 UTC",62.6232,-150.0375,2.1,0.20,20,"Central Alaska"
us,c000dr2j,6,"Monday, November 12, 2012 03:31:17 UTC",14.3323,-92.3513,4.7,34.90,195,"offshore Guatemala"
uu,60004542,4,"Monday, November 12, 2012 03:24:32 UTC",44.2562,-110.6562,1.8,8.30,18,"Yellowstone National Park, Wyoming"
uu,60004537,2,"Monday, November 12, 2012 03:17:47 UTC",44.2657,-110.6707,1.5,12.30, 9,"Yellowstone National Park, Wyoming"
ak,10597341,1,"Monday, November 12, 2012 03:12:39 UTC",62.1390,-152.0938,2.0,112.10,23,"Central Alaska"
ci,15244001,2,"Monday, November 12, 2012 03:10:29 UTC",36.2133,-117.8640,1.3,2.30,30,"Central California"
us,c000dr29,8,"Monday, November 12, 2012 03:02:59 UTC",14.1059,-92.2109,4.7,24.50,175,"offshore Guatemala"
uu,60004532,2,"Monday, November 12, 2012 03:02:05 UTC",44.2557,-110.6525,1.5,7.10,14,"Yellowstone National Park, Wyoming"
ci,15243993,2,"Monday, November 12, 2012 02:45:45 UTC",35.9312,-117.6612,2.5,3.40,54,"Central California"
ak,10597333,1,"Monday, November 12, 2012 02:28:30 UTC",59.7615,-152.1472,1.8,60.30, 9,"Southern Alaska"
uu,60004522,2,"Monday, November 12, 2012 02:25:33 UTC",44.2620,-110.6677,1.2,8.60, 9,"Yellowstone National Park, Wyoming"
ak,10597331,1,"Monday, November 12, 2012 01:57:04 UTC",63.5209,-147.2399,1.6,9.40, 8,"Central Alaska"
ak,10597327,1,"Monday, November 12, 2012 01:47:48 UTC",61.2906,-152.4970,1.7,0.10,12,"Southern Alaska"
nc,71880640,1,"Monday, November 12, 2012 01:42:51 UTC",38.8058,-122.7753,1.9,0.20,38,"Northern California"
uu,60004517,4,"Monday, November 12, 2012 01:36:40 UTC",44.2547,-110.6557,1.7,7.70,16,"Yellowstone National Park, Wyoming"
nc,71880635,3,"Monday, November 12, 2012 01:34:33 UTC",36.3033,-120.8572,2.3,7.80,88,"Central California"
ak,10597315,1,"Monday, November 12, 2012 01:28:43 UTC",61.3128,-152.5980,2.3,0.10,19,"Southern Alaska"
nc,71880630,3,"Monday, November 12, 2012 01:28:01 UTC",36.3017,-120.8567,2.1,7.70,80,"Central California"
nc,71880625,2,"Monday, November 12, 2012 01:24:35 UTC",39.2505,-122.7217,1.7,10.40,25,"Northern California"
ak,10597305,1,"Monday, November 12, 2012 01:11:01 UTC",60.8418,-151.3480,1.6,123.80,13,"Kenai Peninsula, Alaska"
nc,71880620,1,"Monday, November 12, 2012 00:54:34 UTC",38.7770,-122.7402,1.8,1.40,25,"Northern California"
hv,60429996,1,"Monday, November 12, 2012 00:45:50 UTC",19.1963,-155.4755,2.2,40.90,26,"Island of Hawaii, Hawaii"
ci,15243961,2,"Monday, November 12, 2012 00:43:21 UTC",34.0950,-117.3170,1.1,18.20,17,"Greater Los Angeles area, California"
nc,71880610,0,"Monday, November 12, 2012 00:30:46 UTC",38.8055,-122.8172,1.0,0.00, 6,"Northern California"
uu,60000215,2,"Monday, November 12, 2012 00:29:39 UTC",44.2657,-110.6618,1.2,4.40, 6,"Yellowstone National Park, Wyoming"
uu,60000210,2,"Monday, November 12, 2012 00:28:57 UTC",44.2682,-110.6808,1.4,8.70, 7,"Yellowstone National Park, Wyoming"
uu,60000205,2,"Monday, November 12, 2012 00:28:31 UTC",44.2602,-110.6628,1.2,7.70, 7,"Yellowstone National Park, Wyoming"
ak,10597284,1,"Monday, November 12, 2012 00:21:24 UTC",60.9886,-146.6082,3.0,19.90,54,"Southern Alaska"
us,c000dr18,8,"Monday, November 12, 2012 00:00:16 UTC",14.3127,-92.2823,4.6,20.10,95,"offshore Guatemala"
ak,10597274,2,"Sunday, November 11, 2012 23:52:19 UTC",59.0365,-151.7262,3.1,51.80,78,"Kenai Peninsula, Alaska"
us,c000dr15,7,"Sunday, November 11, 2012 23:49:27 UTC",13.9784,-92.3354,4.5,38.10,78,"offshore Guatemala"
nc,71880595,2,"Sunday, November 11, 2012 23:33:19 UTC",36.5552,-121.1517,1.5,7.20,25,"Central California"
nc,71880590,2,"Sunday, November 11, 2012 23:29:56 UTC",36.3018,-120.8583,1.5,7.60,25,"Central California"
ci,15243945,2,"Sunday, November 11, 2012 23:26:20 UTC",34.2725,-117.4592,1.6,11.30,62,"Southern California"
us,c000dr11,5,"Sunday, November 11, 2012 23:21:15 UTC",13.9698,-92.2591,5.0,53.20,298,"offshore Guatemala"
uu,60004502,4,"Sunday, November 11, 2012 23:18:44 UTC",37.5153,-112.5967,1.3,11.50, 8,"Utah"
us,c000dr0z,6,"Sunday, November 11, 2012 23:16:44 UTC",49.4377,155.2323,5.1,63.40,170,"Kuril Islands"
ak,10597259,2,"Sunday, November 11, 2012 23:11:39 UTC",61.0062,-150.9585,1.2,14.90,19,"Southern Alaska"
us,c000dr0j,7,"Sunday, November 11, 2012 22:44:33 UTC",13.8987,-92.1205,4.9,52.20,264,"offshore Guatemala"
ak,10601092,2,"Sunday, November 11, 2012 22:43:42 UTC",53.7435,-165.9881,1.7,63.60,11,"Fox Islands, Aleutian Islands, Alaska"
us,c000dr0e,4,"Sunday, November 11, 2012 22:31:32 UTC",13.9350,-92.4519,4.5,37.60,32,"offshore Guatemala"
ak,10597241,2,"Sunday, November 11, 2012 22:29:23 UTC",61.7627,-151.7498,2.1,93.40,30,"Southern Alaska"
us,c000dr0c,7,"Sunday, November 11, 2012 22:25:46 UTC",14.3733,-92.6872,4.8,51.90,44,"offshore Chiapas, Mexico"
us,c000dr09,C,"Sunday, November 11, 2012 22:15:00 UTC",14.1637,-92.1667,6.5,27.00,619,"offshore Guatemala"
ak,10597225,2,"Sunday, November 11, 2012 22:14:02 UTC",61.5420,-146.3384,2.3,5.60,46,"Southern Alaska"
us,c000dqzz,7,"Sunday, November 11, 2012 21:33:10 UTC",-5.5182,151.7100,5.3,73.40,109,"New Britain region, Papua New Guinea"
ci,15243897,4,"Sunday, November 11, 2012 21:30:44 UTC",34.1632,-116.4113,1.3,4.80,27,"Southern California"
ak,10601088,2,"Sunday, November 11, 2012 21:29:26 UTC",51.4485,-178.2457,2.0,24.00,12,"Andreanof Islands, Aleutian Islands, Alaska"
nc,71880550,3,"Sunday, November 11, 2012 21:22:54 UTC",37.4607,-121.8347,1.3,0.00,44,"San Francisco Bay area, California"
ak,10597215,2,"Sunday, November 11, 2012 21:14:08 UTC",51.8940,-169.5389,3.4,33.20,19,"Fox Islands, Aleutian Islands, Alaska"
ak,10597212,2,"Sunday, November 11, 2012 21:06:15 UTC",62.2388,-148.5344,1.3,3.90,16,"Central Alaska"
ak,10597209,2,"Sunday, November 11, 2012 20:57:03 UTC",61.6431,-150.2812,1.0,1.20, 9,"Southern Alaska"
ak,10597208,2,"Sunday, November 11, 2012 20:54:52 UTC",61.6560,-150.2939,1.0,8.20,11,"Southern Alaska"
nc,71880535,3,"Sunday, November 11, 2012 20:19:32 UTC",36.6755,-121.3040,2.2,6.20,63,"Central California"
ak,10597201,2,"Sunday, November 11, 2012 20:15:10 UTC",51.3900,-178.7003,2.4,22.80,18,"Andreanof Islands, Aleutian Islands, Alaska"
ak,10597199,2,"Sunday, November 11, 2012 20:11:36 UTC",64.8755,-148.9316,1.1,20.10,15,"Central Alaska"
ci,15243873,2,"Sunday, November 11, 2012 19:46:11 UTC",32.1960,-115.3332,2.1,13.40, 7,"Baja California, Mexico"
ci,15243865,3,"Sunday, November 11, 2012 19:41:59 UTC",33.0642,-116.4575,2.6,7.00,113,"Southern California"
ci,15243857,2,"Sunday, November 11, 2012 19:36:40 UTC",35.0465,-117.6658,2.1,0.00,23,"Southern California"
ak,10597314,3,"Sunday, November 11, 2012 19:34:57 UTC",53.6726,-166.0349,2.2,69.60,19,"Fox Islands, Aleutian Islands, Alaska"
uw,60473412,2,"Sunday, November 11, 2012 19:22:03 UTC",45.0157,-124.1033,1.7,39.30,16,"offshore Oregon"
nc,71880505,0,"Sunday, November 11, 2012 18:51:55 UTC",38.7783,-122.7503,1.0,4.10,21,"Northern California"
us,c000dqye,6,"Sunday, November 11, 2012 18:39:22 UTC",29.3621,81.4988,4.8,36.80,33,"Nepal"
uu,60004487,2,"Sunday, November 11, 2012 18:36:22 UTC",41.8958,-112.6570,1.4,1.30,18,"Utah"
nc,71880500,3,"Sunday, November 11, 2012 18:30:51 UTC",39.2537,-122.7200,1.5,11.20,19,"Northern California"
us,c000dqy4,6,"Sunday, November 11, 2012 18:19:42 UTC",23.2079,95.9820,5.6,10.00,169,"Myanmar"
ci,15243841,2,"Sunday, November 11, 2012 18:10:00 UTC",32.2260,-115.2845,1.9,10.30,17,"Baja California, Mexico"
us,c000dqxn,7,"Sunday, November 11, 2012 17:51:57 UTC",36.0435,70.2892,4.5,91.50,22,"Hindu Kush region, Afghanistan"
ak,10601079,2,"Sunday, November 11, 2012 17:02:37 UTC",58.2766,-153.5150,1.7,69.10, 9,"Kodiak Island region, Alaska"
nc,71880435,2,"Sunday, November 11, 2012 16:40:19 UTC",37.7680,-122.5708,1.1,13.10,21,"offshore Northern California"
nc,71880430,1,"Sunday, November 11, 2012 16:36:49 UTC",38.8242,-122.8020,1.4,3.10,28,"Northern California"
ak,10597164,2,"Sunday, November 11, 2012 16:36:05 UTC",61.6592,-151.3392,2.1,4.50,35,"Southern Alaska"
ak,10601077,2,"Sunday, November 11, 2012 16:35:10 UTC",54.1164,-165.3692,1.7,72.20,11,"Fox Islands, Aleutian Islands, Alaska"
ci,15243825,4,"Sunday, November 11, 2012 16:25:57 UTC",32.4207,-116.3083,1.8,10.00,31,"Baja California, Mexico"
ak,10597153,2,"Sunday, November 11, 2012 16:16:16 UTC",63.1821,-150.5008,1.8,119.00,25,"Central Alaska"
mb,12226896,2,"Sunday, November 11, 2012 15:59:12 UTC",44.5090,-114.3358,2.0,17.90,21,"southern Idaho"
nc,71880395,2,"Sunday, November 11, 2012 15:45:47 UTC",35.7958,-121.3135,1.3,4.60,19,"Central California"
ak,10597144,2,"Sunday, November 11, 2012 15:37:54 UTC",63.2589,-150.4721,1.4,118.30,16,"Central Alaska"
ci,15243817,2,"Sunday, November 11, 2012 15:26:43 UTC",35.4920,-118.4540,1.3,7.00,16,"Central California"
us,c000dqwa,8,"Sunday, November 11, 2012 14:56:11 UTC",-10.7498,164.8130,5.1,30.20,36,"Santa Cruz Islands region"
ci,15243809,2,"Sunday, November 11, 2012 14:42:04 UTC",33.6833,-117.0177,1.2,13.30,23,"Southern California"
ak,10597139,2,"Sunday, November 11, 2012 14:33:43 UTC",51.4758,179.3203,1.9,17.90, 7,"Rat Islands, Aleutian Islands, Alaska"
ci,15243801,2,"Sunday, November 11, 2012 14:16:11 UTC",33.3900,-116.8445,1.3,7.30,50,"Southern California"
mb,12832283,2,"Sunday, November 11, 2012 14:14:05 UTC",47.9368,-114.2750,1.5,9.20,19,"western Montana"
nc,71880375,0,"Sunday, November 11, 2012 14:04:47 UTC",38.8433,-122.8298,1.0,2.40,13,"Northern California"
ak,10601071,2,"Sunday, November 11, 2012 13:45:38 UTC",52.9321,-167.6062,1.8,47.60, 7,"Fox Islands, Aleutian Islands, Alaska"
ak,10597136,2,"Sunday, November 11, 2012 13:34:00 UTC",51.7009,-176.1889,2.7,55.30,24,"Andreanof Islands, Aleutian Islands, Alaska"
ci,15243785,2,"Sunday, November 11, 2012 13:26:14 UTC",36.0955,-117.5893,1.5,5.20,22,"Central California"
ak,10601069,2,"Sunday, November 11, 2012 13:10:59 UTC",53.9552,-164.8753,2.1,76.80,16,"Unimak Island region, Alaska"
ak,10601068,2,"Sunday, November 11, 2012 13:10:15 UTC",58.0543,-156.8307,1.7,6.40,22,"Alaska Peninsula"
ak,10597127,2,"Sunday, November 11, 2012 12:57:32 UTC",62.5471,-151.1898,2.5,93.70,58,"Central Alaska"
pr,12316003,0,"Sunday, November 11, 2012 12:31:04 UTC",18.1455,-67.0747,2.3,22.00,12,"Puerto Rico"
ak,10601066,2,"Sunday, November 11, 2012 12:19:48 UTC",62.0951,-153.7265,1.5,4.20,15,"Central Alaska"
ak,10597125,2,"Sunday, November 11, 2012 12:08:57 UTC",56.1643,-157.7807,2.9,50.60,24,"Alaska Peninsula"
ci,15243769,2,"Sunday, November 11, 2012 12:04:04 UTC",33.3403,-116.8948,1.6,7.80,52,"Southern California"
ci,15243761,2,"Sunday, November 11, 2012 11:58:56 UTC",33.9393,-117.0913,1.1,14.60,16,"Greater Los Angeles area, California"
ak,10601064,2,"Sunday, November 11, 2012 11:54:48 UTC",62.1124,-145.1932,1.4,22.00,11,"Central Alaska"
ci,15243745,2,"Sunday, November 11, 2012 11:11:18 UTC",33.1240,-115.6258,1.7,1.60,18,"Southern California"
nc,71880330,0,"Sunday, November 11, 2012 11:01:29 UTC",39.8957,-123.4350,1.6,2.50, 9,"Northern California"
us,c000dqvg,6,"Sunday, November 11, 2012 10:54:42 UTC",22.7570,95.9010,5.8,9.80,238,"Myanmar"
ak,10597106,2,"Sunday, November 11, 2012 10:41:42 UTC",59.9644,-152.8389,2.4,91.20,43,"Southern Alaska"
us,c000dqvd,7,"Sunday, November 11, 2012 10:32:15 UTC",12.1247,-88.0918,4.3,34.90,75,"near the coast of Nicaragua"
uw,60473377,2,"Sunday, November 11, 2012 10:14:38 UTC",42.2320,-124.6528,1.8,0.00,11,"offshore Oregon"
nc,71880315,1,"Sunday, November 11, 2012 10:00:24 UTC",38.8157,-122.7957,1.4,3.40,28,"Northern California"
nc,71880320,0,"Sunday, November 11, 2012 09:59:06 UTC",38.8198,-122.7995,1.2,3.70,19,"Northern California"
ci,15243729,2,"Sunday, November 11, 2012 09:39:10 UTC",33.1173,-115.6985,1.3,3.00,15,"Southern California"
ak,10597100,2,"Sunday, November 11, 2012 09:24:32 UTC",64.8019,-150.8381,1.8,15.00,19,"Central Alaska"
nc,71880305,1,"Sunday, November 11, 2012 09:07:42 UTC",38.8225,-122.8072,1.3,3.00,26,"Northern California"
ak,10597093,2,"Sunday, November 11, 2012 09:03:08 UTC",63.2979,-151.1022,1.7,8.70,19,"Central Alaska"
nc,71880295,2,"Sunday, November 11, 2012 08:47:23 UTC",36.3030,-120.8437,1.0,8.00,19,"Central California"
ci,15243713,2,"Sunday, November 11, 2012 08:28:49 UTC",35.9582,-117.7027,1.1,3.80,16,"Central California"
ci,15243705,2,"Sunday, November 11, 2012 08:22:22 UTC",34.2233,-117.5135,2.0,8.30,89,"Greater Los Angeles area, California"
pr,12316002,0,"Sunday, November 11, 2012 08:20:32 UTC",18.7921,-65.0820,2.6,48.00, 5,"Virgin Islands region"
ak,10597085,2,"Sunday, November 11, 2012 08:16:52 UTC",52.4192,-176.2998,3.4,229.70,26,"Andreanof Islands, Aleutian Islands, Alaska"
us,c000dquy,6,"Sunday, November 11, 2012 08:02:27 UTC",3.2394,-31.4516,4.7,10.00,54,"central Mid-Atlantic Ridge"
ci,15243697,2,"Sunday, November 11, 2012 07:59:14 UTC",35.9473,-117.7052,1.7,4.00,43,"Central California"
ak,10601056,2,"Sunday, November 11, 2012 07:54:59 UTC",51.4716,-178.0792,1.7,13.30, 8,"Andreanof Islands, Aleutian Islands, Alaska"
us,c000dquq,6,"Sunday, November 11, 2012 07:52:36 UTC",-5.8351,130.1942,4.8,7.00,54,"Banda Sea"
ak,10601055,2,"Sunday, November 11, 2012 07:41:18 UTC",51.6214,-173.4563,1.5,13.10, 6,"Andreanof Islands, Aleutian Islands, Alaska"
ci,15243689,2,"Sunday, November 11, 2012 07:25:04 UTC",33.1582,-116.0052,2.2,6.80,82,"Southern California"
us,c000dquh,5,"Sunday, November 11, 2012 07:24:19 UTC",-33.9590,-72.4316,4.0,18.00,19,"offshore Libertador O'Higgins, Chile"
pr,12316001,0,"Sunday, November 11, 2012 07:20:43 UTC",18.1299,-67.0931,1.5,23.00, 5,"Puerto Rico"
hv,60429791,1,"Sunday, November 11, 2012 07:16:37 UTC",19.3670,-155.2853,1.8,2.50,12,"Island of Hawaii, Hawaii"
ak,10597072,2,"Sunday, November 11, 2012 06:57:00 UTC",56.7295,-157.9038,2.0,83.70,13,"Alaska Peninsula"
ak,10597067,4,"Sunday, November 11, 2012 06:42:57 UTC",65.0690,-148.6066,1.9,17.20,13,"northern Alaska"
ak,10597066,2,"Sunday, November 11, 2012 06:32:58 UTC",66.9162,-140.4905,2.5,12.90,16,"northern Yukon Territory, Canada"
ak,10597062,2,"Sunday, November 11, 2012 06:28:53 UTC",58.3763,-155.8292,2.8,152.00,55,"Alaska Peninsula"
ci,15243673,3,"Sunday, November 11, 2012 06:26:13 UTC",33.1628,-115.9972,1.2,6.00,31,"Southern California"
ak,10597060,2,"Sunday, November 11, 2012 06:17:11 UTC",63.3831,-151.3384,1.0,3.80,10,"Central Alaska"
nc,71880225,2,"Sunday, November 11, 2012 06:09:59 UTC",35.7583,-120.3073,1.0,9.80,41,"Central California"
uu,60004472,4,"Sunday, November 11, 2012 06:08:57 UTC",44.8042,-110.7965,1.5,8.10,21,"Yellowstone National Park, Wyoming"
uu,60004462,4,"Sunday, November 11, 2012 06:05:42 UTC",44.8055,-110.7977,2.0,8.20,24,"Yellowstone National Park, Wyoming"
ak,10597053,2,"Sunday, November 11, 2012 05:47:24 UTC",64.8496,-152.7427,1.4,8.70, 9,"Central Alaska"
us,c000dqtp,7,"Sunday, November 11, 2012 05:46:48 UTC",-33.9899,-72.1240,4.8,17.70,42,"offshore Libertador O'Higgins, Chile"
us,c000dqtl,6,"Sunday, November 11, 2012 05:40:11 UTC",13.8969,-91.5230,4.4,67.30,131,"offshore Guatemala"
ci,15243649,2,"Sunday, November 11, 2012 05:39:15 UTC",33.9355,-116.0253,2.7,2.50,91,"Southern California"
us,c000dqth,5,"Sunday, November 11, 2012 05:24:45 UTC",-8.6225,118.3661,4.5,116.20,19,"Sumbawa region, Indonesia"
pr,12316000,0,"Sunday, November 11, 2012 05:24:19 UTC",18.1541,-67.0730,2.8,23.00,13,"Puerto Rico"
ak,10597047,2,"Sunday, November 11, 2012 05:21:01 UTC",51.3606,-178.0491,2.6,56.10,21,"Andreanof Islands, Aleutian Islands, Alaska"
uu,60004457,2,"Sunday, November 11, 2012 05:20:42 UTC",44.5945,-110.4725,1.5,2.00,12,"Yellowstone National Park, Wyoming"
nc,71880195,3,"Sunday, November 11, 2012 05:16:48 UTC",36.2985,-120.8482,1.8,8.10,46,"Central California"
us,c000dqta,8,"Sunday, November 11, 2012 05:15:49 UTC",37.5410,141.6068,4.7,35.50,98,"near the east coast of Honshu, Japan"
us,c000dqtb,6,"Sunday, November 11, 2012 05:10:57 UTC",-33.9451,-72.1528,4.6,19.50,20,"offshore Libertador O'Higgins, Chile"
us,c000dqt3,3,"Sunday, November 11, 2012 05:01:16 UTC",-17.2549,-177.7664,4.8,578.40,46,"Fiji region"
us,c000dqt2,B,"Sunday, November 11, 2012 04:57:45 UTC",13.4334,-91.7433,4.4,43.00,60,"offshore Guatemala"
nc,71880180,0,"Sunday, November 11, 2012 04:52:50 UTC",39.8938,-123.4338,1.7,2.90,10,"Northern California"
ak,10597040,2,"Sunday, November 11, 2012 04:33:09 UTC",51.4957,-177.9802,1.9,4.90,11,"Andreanof Islands, Aleutian Islands, Alaska"
us,c000dqsw,4,"Sunday, November 11, 2012 04:11:33 UTC",-17.7055,-178.3915,4.5,459.00,46,"Fiji region"
ak,10597032,2,"Sunday, November 11, 2012 03:33:41 UTC",61.7759,-150.0159,1.9,56.10,30,"Southern Alaska"
ak,10601040,2,"Sunday, November 11, 2012 03:29:30 UTC",54.2534,-162.5154,2.1,18.40, 8,"Alaska Peninsula"
ak,10601039,2,"Sunday, November 11, 2012 03:25:27 UTC",57.3744,-155.7880,1.6,6.80,14,"Alaska Peninsula"
ak,10601038,2,"Sunday, November 11, 2012 03:17:54 UTC",51.5078,-178.1909,1.8,10.90,10,"Andreanof Islands, Aleutian Islands, Alaska"
ak,10597029,2,"Sunday, November 11, 2012 03:14:58 UTC",61.0773,-145.7144,1.5,23.90,17,"Southern Alaska"
ak,10597026,2,"Sunday, November 11, 2012 03:10:59 UTC",61.5273,-146.3829,1.8,6.90,31,"Southern Alaska"
ak,10601035,2,"Sunday, November 11, 2012 03:06:41 UTC",51.5127,-177.9200,1.3,24.60,10,"Andreanof Islands, Aleutian Islands, Alaska"
us,c000dqsm,7,"Sunday, November 11, 2012 02:55:44 UTC",-11.6744,166.2183,4.8,91.50,95,"Santa Cruz Islands"
ak,10597024,2,"Sunday, November 11, 2012 02:52:17 UTC",61.0009,-151.0252,1.4,13.20,18,"Southern Alaska"
ak,10597022,2,"Sunday, November 11, 2012 02:50:12 UTC",51.5699,-178.1891,1.8,28.20,14,"Andreanof Islands, Aleutian Islands, Alaska"
ak,10597018,2,"Sunday, November 11, 2012 02:38:44 UTC",64.4486,-152.7154,1.5,12.70,12,"Central Alaska"
ci,15243617,2,"Sunday, November 11, 2012 02:24:52 UTC",33.0142,-115.5350,1.8,7.90,34,"Southern California"
ci,15243609,2,"Sunday, November 11, 2012 02:20:09 UTC",33.7257,-116.8233,1.2,19.40,44,"Southern California"
nc,71880105,1,"Sunday, November 11, 2012 02:09:56 UTC",38.8358,-122.7963,1.8,2.50,32,"Northern California"
ak,10597009,2,"Sunday, November 11, 2012 02:02:27 UTC",61.6365,-152.6167,1.8,3.20,26,"Southern Alaska"
nc,71880080,3,"Sunday, November 11, 2012 01:52:49 UTC",38.8163,-122.8167,1.9,2.80,62,"Northern California"
us,c000dqrk,4,"Sunday, November 11, 2012 01:32:27 UTC",22.7079,95.8970,5.0,10.10,34,"Myanmar"
us,c000dqrp,4,"Sunday, November 11, 2012 01:29:59 UTC",22.8120,95.9419,5.0,10.10,35,"Myanmar"
us,c000dqs8,4,"Sunday, November 11, 2012 01:19:34 UTC",6.5515,-82.1715,4.6,19.60,58,"south of Panama"
us,c000dqqw,G,"Sunday, November 11, 2012 01:12:38 UTC",23.0091,95.8837,6.8,9.90,336,"Myanmar"
nc,71880070,1,"Sunday, November 11, 2012 01:12:28 UTC",38.8247,-122.8033,1.1,3.10,28,"Northern California"
nc,71880055,1,"Sunday, November 11, 2012 01:01:39 UTC",38.8268,-122.8533,1.2,2.70,28,"Northern California"
ak,10596983,2,"Sunday, November 11, 2012 00:59:10 UTC",62.1895,-148.2920,1.8,27.50,27,"Central Alaska"
us,c000dqql,5,"Sunday, November 11, 2012 00:59:00 UTC",29.3094,105.2624,4.9,9.60,63,"Sichuan-Chongqing border region, China"
ak,10601029,2,"Sunday, November 11, 2012 00:58:53 UTC",54.5974,-161.0461,1.8,25.60, 6,"Alaska Peninsula"
ak,10596974,3,"Sunday, November 11, 2012 00:23:46 UTC",56.3433,-156.5060,2.6,46.60,25,"Alaska Peninsula"
nc,71880035,2,"Sunday, November 11, 2012 00:18:27 UTC",37.6383,-118.8822,1.1,8.40,22,"Long Valley area, California"
nn,00393428,9,"Saturday, November 10, 2012 23:50:35 UTC",37.3325,-115.8549,1.3,0.00, 7,"Nevada"
us,c000dqpx,6,"Saturday, November 10, 2012 23:45:49 UTC",-18.6740,170.1788,4.7,166.00,32,"Vanuatu"
ak,10599943,2,"Saturday, November 10, 2012 23:35:18 UTC",67.5950,-156.9627,2.3,11.00,11,"northern Alaska"
ci,15243569,2,"Saturday, November 10, 2012 23:31:22 UTC",33.0618,-115.9072,2.6,7.90,82,"Southern California"
ak,10596966,2,"Saturday, November 10, 2012 23:26:27 UTC",61.8627,-150.4659,1.1,4.40, 8,"Southern Alaska"
ak,10596965,2,"Saturday, November 10, 2012 23:21:14 UTC",61.3361,-152.4629,1.5,3.80,20,"Southern Alaska"
pr,12315003,0,"Saturday, November 10, 2012 23:20:40 UTC",19.6581,-64.1679,3.3,47.00, 7,"Virgin Islands region"
ci,15243561,2,"Saturday, November 10, 2012 22:43:04 UTC",32.9068,-116.2268,1.3,4.80,21,"Southern California"
uw,60473232,2,"Saturday, November 10, 2012 22:31:23 UTC",44.2827,-122.6260,1.5,61.20,27,"Oregon"
ak,10596951,3,"Saturday, November 10, 2012 22:18:24 UTC",60.0659,-149.8661,1.5,21.90, 9,"Kenai Peninsula, Alaska"
nc,71879980,0,"Saturday, November 10, 2012 22:10:34 UTC",38.7878,-122.7257,1.2,2.00,19,"Northern California"
se,111012d,B,"Saturday, November 10, 2012 22:06:52 UTC",37.1543,-83.0525,2.3,14.40,19,"eastern Kentucky"
nc,71879975,1,"Saturday, November 10, 2012 22:01:53 UTC",37.7228,-121.6122,1.8,10.80,17,"Northern California"
us,c000dqnu,6,"Saturday, November 10, 2012 22:01:31 UTC",29.2977,105.3647,4.7,10.00,44,"Sichuan-Chongqing border region, China"
ak,10596936,3,"Saturday, November 10, 2012 21:47:57 UTC",52.9002,-167.4617,3.1,23.30,18,"Fox Islands, Aleutian Islands, Alaska"
nc,71879970,2,"Saturday, November 10, 2012 21:47:40 UTC",35.7865,-121.3992,1.4,5.60,16,"offshore Central California"
us,c000dqmx,E,"Saturday, November 10, 2012 21:30:00 UTC",37.9290,20.8508,4.3,10.00,53,"Ionian Sea"
nc,71879955,0,"Saturday, November 10, 2012 21:29:04 UTC",38.8182,-122.8158,1.0,2.60,21,"Northern California"
mb,12615122,2,"Saturday, November 10, 2012 21:28:20 UTC",45.1258,-111.7280,2.3,6.70,59,"western Montana"
